,Seq.Names,Species.NCBI,Species.RD,Order.RD,Group.RD,Family.RD,Tree.Tips,Clade.Sizes,Lineages,Sisters,Sister,Label,Tree.Tip,Clade.Size
1,Caiman_crocodilus_NC_002744.2,Caiman_crocodilus,Caiman_crocodilus,Crocodiles,Alligators,Alligatoridae,Crocodiles_Alligatoridae,8,Lineage1,1,,,,
2,Caiman_yacare_MT554042.1,Caiman_yacare,Caiman_yacare,Crocodiles,Alligators,Alligatoridae,Crocodiles_Alligatoridae,8,Lineage1,1,,,,
3,Caiman_latirostris_MT554051.1,Caiman_latirostris,Caiman_latirostris,Crocodiles,Alligators,Alligatoridae,Crocodiles_Alligatoridae,8,Lineage1,1,,,,
4,Melanosuchus_niger_MT554039.1,Melanosuchus_niger,Melanosuchus_niger,Crocodiles,Alligators,Alligatoridae,Crocodiles_Alligatoridae,8,Lineage1,1,,,,
5,Paleosuchus_palpebrosus_MT554041.1,Paleosuchus_palpebrosus,Paleosuchus_palpebrosus,Crocodiles,Alligators,Alligatoridae,Crocodiles_Alligatoridae,8,Lineage1,1,,,,
6,Paleosuchus_trigonatus_MT554034.1,Paleosuchus_trigonatus,Paleosuchus_trigonatus,Crocodiles,Alligators,Alligatoridae,Crocodiles_Alligatoridae,8,Lineage1,1,,,,
7,Alligator_mississippiensis_NC_001922.1,Alligator_mississippiensis,Alligator_mississippiensis,Crocodiles,Alligators,Alligatoridae,Crocodiles_Alligatoridae,8,Lineage1,1,,,,
8,Alligator_sinensis_AF511507.1,Alligator_sinensis,Alligator_sinensis,Crocodiles,Alligators,Alligatoridae,Crocodiles_Alligatoridae,8,Lineage1,1,1,Alligatoridae,Crocodiles_Alligatoridae,8
9,Crocodylus_palustris_MT554049.1,Crocodylus_palustris,Crocodylus_palustris,Crocodiles,Alligators,Crocodylidae,Crocodiles_Crocodylidae,17,Lineage2,1,1,Crocodylidae+Gavialidae,Crocodiles_Crocodylidae,18
10,Crocodylus_siamensis_MT554035.1,Crocodylus_siamensis,Crocodylus_siamensis,Crocodiles,Alligators,Crocodylidae,Crocodiles_Crocodylidae,17,Lineage2,1,,,,
11,Crocodylus_porosus_DQ273698.1,Crocodylus_porosus,Crocodylus_porosus,Crocodiles,Alligators,Crocodylidae,Crocodiles_Crocodylidae,17,Lineage2,1,,,,
12,Crocodylus_mindorensis_MT554045.1,Crocodylus_mindorensis,Crocodylus_mindorensis,Crocodiles,Alligators,Crocodylidae,Crocodiles_Crocodylidae,17,Lineage2,1,,,,
13,Crocodylus_novaeguineae_MT554048.1,Crocodylus_novaeguineae,Crocodylus_novaeguineae,Crocodiles,Alligators,Crocodylidae,Crocodiles_Crocodylidae,17,Lineage2,1,,,,
14,Crocodylus_johnsoni_HM488008.2,Crocodylus_johnsoni,Crocodylus_johnsoni,Crocodiles,Alligators,Crocodylidae,Crocodiles_Crocodylidae,17,Lineage2,1,,,,
15,Crocodylus_intermedius_MT554044.1,Crocodylus_intermedius,Crocodylus_intermedius,Crocodiles,Alligators,Crocodylidae,Crocodiles_Crocodylidae,17,Lineage2,1,,,,
16,Crocodylus_acutus_MT554043.1,Crocodylus_acutus,Crocodylus_acutus,Crocodiles,Alligators,Crocodylidae,Crocodiles_Crocodylidae,17,Lineage2,1,,,,
17,Crocodylus_moreletii_MT554046.1,Crocodylus_moreletii,Crocodylus_moreletii,Crocodiles,Alligators,Crocodylidae,Crocodiles_Crocodylidae,17,Lineage2,1,,,,
18,Crocodylus_rhombifer_MT554036.1,Crocodylus_rhombifer,Crocodylus_rhombifer,Crocodiles,Alligators,Crocodylidae,Crocodiles_Crocodylidae,17,Lineage2,1,,,,
19,Crocodylus_niloticus_MT554047.1,Crocodylus_niloticus,Crocodylus_niloticus,Crocodiles,Alligators,Crocodylidae,Crocodiles_Crocodylidae,17,Lineage2,1,,,,
20,Osteolaemus_tetraspis_MT554038.1,Osteolaemus_tetraspis,Osteolaemus_tetraspis,Crocodiles,Alligators,Crocodylidae,Crocodiles_Crocodylidae,17,Lineage2,1,,,,
21,Mecistops_cataphractus_EF551000.1,Mecistops_cataphractus,Mecistops_cataphractus,Crocodiles,Alligators,Crocodylidae,Crocodiles_Crocodylidae,17,Lineage2,1,,,,
22,Tomistoma_schlegelii_NC_011074.1,Tomistoma_schlegelii,Tomistoma_schlegelii,Crocodiles,Alligators,Crocodylidae,Crocodiles_Crocodylidae,17,Lineage2,1,,,,
23,Gavialis_gangeticus_AB079596.1,Gavialis_gangeticus,Gavialis_gangeticus,Crocodiles,Alligators,Gavialidae,Crocodiles_Gavialidae,1,Lineage2,1,,,,
24,Elseya_branderhorsti_KY705235.1,Elseya_branderhorsti,Elseya_branderhorsti,Testudines,Turtles,Chelidae,Testudines_Chelidae,64,Lineage1,2,,,,
25,Elseya_dentata_KY779842.1,Elseya_dentata,Elseya_dentata,Testudines,Turtles,Chelidae,Testudines_Chelidae,64,Lineage1,2,,,,
26,Elseya_schultzei_KY776440.1,Elseya_schultzei,Elseya_schultzei,Testudines,Turtles,Chelidae,Testudines_Chelidae,64,Lineage1,2,,,,
27,Elseya_novaeguineae_KY776438.1,Elseya_novaeguineae,Elseya_novaeguineae,Testudines,Turtles,Chelidae,Testudines_Chelidae,64,Lineage1,2,,,,
28,Elseya_lavarackorum_KY776437.1,Elseya_lavarackorum,Elseya_lavarackorum,Testudines,Turtles,Chelidae,Testudines_Chelidae,64,Lineage1,2,,,,
29,Elseya_irwini_KY776435.1,Elseya_irwini,Elseya_irwini,Testudines,Turtles,Chelidae,Testudines_Chelidae,64,Lineage1,2,,,,
30,Elseya_albagula_KY776453.1,Elseya_albagula,Elseya_albagula,Testudines,Turtles,Chelidae,Testudines_Chelidae,64,Lineage1,2,,,,
31,Emydura_subglobosa_KY776445.1,Emydura_subglobosa,Emydura_subglobosa,Testudines,Turtles,Chelidae,Testudines_Chelidae,64,Lineage1,2,,,,
32,Emydura_macquarii_KY857552.1,Emydura_macquarii,Emydura_macquarii,Testudines,Turtles,Chelidae,Testudines_Chelidae,64,Lineage1,2,,,,
33,Myuchelys_bellii__KY924930.1,Myuchelys_bellii,Myuchelys_bellii,Testudines,Turtles,Chelidae,Testudines_Chelidae,64,Lineage1,2,,,,
34,Myuchelys_latisternum_KY857556.1,Myuchelys_latisternum,Myuchelys_latisternum,Testudines,Turtles,Chelidae,Testudines_Chelidae,64,Lineage1,2,,,,
35,Myuchelys_georgesi_KY857555.1,Myuchelys_georgesi,Myuchelys_georgesi,Testudines,Turtles,Chelidae,Testudines_Chelidae,64,Lineage1,2,,,,
36,Elusor_macrurus__KU736930.1,Elusor_macrurus,Elusor_macrurus,Testudines,Turtles,Chelidae,Testudines_Chelidae,64,Lineage1,2,,,,
37,Rheodytes_leukops_KY857558.1,Rheodytes_leukops,Rheodytes_leukops,Testudines,Turtles,Chelidae,Testudines_Chelidae,64,Lineage1,2,,,,
38,Chelodina_longicollis_KJ713173.1,Chelodina_longicollis,Chelodina_longicollis,Testudines,Turtles,Chelidae,Testudines_Chelidae,64,Lineage1,2,,,,
39,Chelodina_canni_KY776448.1,Chelodina_canni,Chelodina_canni,Testudines,Turtles,Chelidae,Testudines_Chelidae,64,Lineage1,2,,,,
40,Chelodina_burrungandjii_KY776447.1,Chelodina_burrungandjii,Chelodina_burrungandjii,Testudines,Turtles,Chelidae,Testudines_Chelidae,64,Lineage1,2,,,,
41,Chelodina_mccordi_KY705231.1,Chelodina_mccordi,Chelodina_mccordi,Testudines,Turtles,Chelidae,Testudines_Chelidae,64,Lineage1,2,,,,
42,Chelodina_expansa_KY776450.1,Chelodina_expansa,Chelodina_expansa,Testudines,Turtles,Chelidae,Testudines_Chelidae,64,Lineage1,2,,,,
43,Chelodina_novaeguineae_KY776446.1,Chelodina_novaeguineae,Chelodina_novaeguineae,Testudines,Turtles,Chelidae,Testudines_Chelidae,64,Lineage1,2,,,,
44,Chelodina_pritchardi_KY705233.1,Chelodina_pritchardi,Chelodina_pritchardi,Testudines,Turtles,Chelidae,Testudines_Chelidae,64,Lineage1,2,,,,
45,Chelodina_steindachneri_KY776452.1,Chelodina_steindachneri,Chelodina_steindachneri,Testudines,Turtles,Chelidae,Testudines_Chelidae,64,Lineage1,2,,,,
46,Chelodina_colliei_KY776449.1,Chelodina_colliei,Chelodina_colliei,Testudines,Turtles,Chelidae,Testudines_Chelidae,64,Lineage1,2,,,,
47,Chelodina_rugosa_HQ172157.1,Chelodina_rugosa,Chelodina_rugosa,Testudines,Turtles,Chelidae,Testudines_Chelidae,64,Lineage1,2,,,,
48,Chelodina_parkeri_KY705232.1,Chelodina_parkeri,Chelodina_parkeri,Testudines,Turtles,Chelidae,Testudines_Chelidae,64,Lineage1,2,,,,
49,Pseudemydura_umbrina__KY486272.1,Pseudemydura_umbrina,Pseudemydura_umbrina,Testudines,Turtles,Chelidae,Testudines_Chelidae,64,Lineage1,2,,,,
50,Platemys_platycephala__KC692464.1,Platemys_platycephala,Platemys_platycephala,Testudines,Turtles,Chelidae,Testudines_Chelidae,64,Lineage1,2,2,Chelidae,Testudines_Chelidae,64
51,Pelusios_castaneus__KC692463.1,Pelusios_castaneus,Pelusios_castaneus,Testudines,Turtles,Pelomedusidae,Testudines_Pelomedusidae,27,Lineage2,2,2,Pelomedusidae,Testudines_Pelomedusidae,35
52,Podocnemis_unifilis_JF802204.1,Podocnemis_unifilis,Podocnemis_unifilis,Testudines,Turtles,Podocnemididae,Testudines_Podocnemididae,8,Lineage2,2,,,,
53,Pelodiscus_sinensis_MG431983.1,Pelodiscus_sinensis,Pelodiscus_sinensis,Testudines,Turtles,Trionychidae,Testudines_Trionychidae,33,Lineage1,3,,,,
54,Palea_steindachneri_KX882746.1,Palea_steindachneri,Palea_steindachneri,Testudines,Turtles,Trionychidae,Testudines_Trionychidae,33,Lineage1,3,,,,
55,Nilssonia_nigricans_MG383833.1,Nilssonia_nigricans,Nilssonia_nigricans,Testudines,Turtles,Trionychidae,Testudines_Trionychidae,33,Lineage1,3,,,,
56,Amyda_cartilaginea_MT039230.1,Amyda_cartilaginea,Amyda_cartilaginea,Testudines,Turtles,Trionychidae,Testudines_Trionychidae,33,Lineage1,3,,,,
57,Dogania_subplana_AF366350.1,Dogania_subplana,Dogania_subplana,Testudines,Turtles,Trionychidae,Testudines_Trionychidae,33,Lineage1,3,,,,
58,Apalone_ferox_KX882744.1,Apalone_ferox,Apalone_ferox,Testudines,Turtles,Trionychidae,Testudines_Trionychidae,33,Lineage1,3,,,,
59,Apalone_spinifera_KX882745.1,Apalone_spinifera,Apalone_spinifera,Testudines,Turtles,Trionychidae,Testudines_Trionychidae,33,Lineage1,3,,,,
60,Rafetus_swinhoei_HQ709384.1,Rafetus_swinhoei,Rafetus_swinhoei,Testudines,Turtles,Trionychidae,Testudines_Trionychidae,33,Lineage1,3,,,,
61,Pelochelys_cantorii_JN016747.1,Pelochelys_cantorii,Pelochelys_cantorii,Testudines,Turtles,Trionychidae,Testudines_Trionychidae,33,Lineage1,3,,,,
62,Chitra_vandijki_MT683848.1,Chitra_vandijki,Chitra_vandijki,Testudines,Turtles,Trionychidae,Testudines_Trionychidae,33,Lineage1,3,,,,
63,Chitra_indica_JQ406951.1,Chitra_indica,Chitra_indica,Testudines,Turtles,Trionychidae,Testudines_Trionychidae,33,Lineage1,3,,,,
64,Trionyx_triunguis_NC_012833.1,Trionyx_triunguis,Trionyx_triunguis,Testudines,Turtles,Trionychidae,Testudines_Trionychidae,33,Lineage1,3,,,,
65,Lissemys_punctata__EF050073.1,Lissemys_punctata,Lissemys_punctata,Testudines,Turtles,Trionychidae,Testudines_Trionychidae,33,Lineage1,3,,,,
66,Lissemys_scutata_JQ361816.1,Lissemys_scutata,Lissemys_scutata,Testudines,Turtles,Trionychidae,Testudines_Trionychidae,33,Lineage1,3,3,Trionychidae,Testudines_Trionychidae,33
67,Carettochelys_insculpta_FJ862792.1,Carettochelys_insculpta,Carettochelys_insculpta,Testudines,Turtles,Carettochelyidae,Testudines_Carettochelyidae,1,Lineage2,3,3,Carettochelyidae,Testudines_Carettochelyidae,1
68,Dermochelys_coriacea__MF460363.1,Dermochelys_coriacea,Dermochelys_coriacea,Testudines,Turtles,Dermochelyidae,Testudines_Dermochelyidae,1,Lineage1,4,4,Dermochelyidae,Testudines_Dermochelyidae,1
69,Lepidochelys_kempii_MN136058.1,Lepidochelys_kempii,Lepidochelys_kempii,Testudines,Turtles,Cheloniidae,Testudines_Cheloniidae,6,Lineage2,4,4,Cheloniidae,Testudines_Cheloniidae,6
70,Lepidochelys_olivacea_JX454991.1,Lepidochelys_olivacea,Lepidochelys_olivacea,Testudines,Turtles,Cheloniidae,Testudines_Cheloniidae,6,Lineage2,4,,,,
71,Caretta_caretta_MF554690.1,Caretta_caretta,Caretta_caretta,Testudines,Turtles,Cheloniidae,Testudines_Cheloniidae,6,Lineage2,4,,,,
72,Eretmochelys_imbricata_KP221806.1,Eretmochelys_imbricata,Eretmochelys_imbricata,Testudines,Turtles,Cheloniidae,Testudines_Cheloniidae,6,Lineage2,4,,,,
73,Chelonia_mydas_JX454974.1,Chelonia_mydas,Chelonia_mydas,Testudines,Turtles,Cheloniidae,Testudines_Cheloniidae,6,Lineage2,4,,,,
74,Natator_depressa_JX454975.1,Natator_depressa,Natator_depressus,Testudines,Turtles,Cheloniidae,Testudines_Cheloniidae,6,Lineage2,4,,,,
75,Chelydra_serpentina_EF122793.1,Chelydra_serpentina,Chelydra_serpentina,Testudines,Turtles,Chelydridae,Testudines_Chelydridae,5,,,,,,
76,Macroclemys_temminckii_EF071948.1,Macroclemys_temminckii,Macrochelys_temminckii,Testudines,Turtles,Chelydridae,Testudines_Chelydridae,5,,,,,,
77,Kinosternon_leucostomum_FJ915117.1,Kinosternon_leucostomum,Kinosternon_leucostomum,Testudines,Turtles,Kinosternidae,Testudines_Kinosternidae,30,,,,,,
78,Sternotherus_carinatus_HQ114563.1,Sternotherus_carinatus,Sternotherus_carinatus,Testudines,Turtles,Kinosternidae,Testudines_Kinosternidae,30,,,,,,
79,Platysternon_megacephalum_DQ256377.1,Platysternon_megacephalum,Platysternon_megacephalum,Testudines,Turtles,Platysternidae,Testudines_Platysternidae,1,Lineage1,5,5,Platysternidae,Testudines_Platysternidae,1
80,Trachemys_scripta_FJ392294.1,Trachemys_scripta,Trachemys_scripta,Testudines,Turtles,Emydidae,Testudines_Emydidae,53,Lineage2,5,5,Emydidae,Testudines_Emydidae,53
81,Malaclemys_terrapin_terrapin_KX774423.1,Malaclemys_terrapin,Malaclemys_terrapin,Testudines,Turtles,Emydidae,Testudines_Emydidae,53,Lineage2,5,,,,
82,Chrysemys_picta_AF069423.1,Chrysemys_picta,Chrysemys_picta,Testudines,Turtles,Emydidae,Testudines_Emydidae,53,Lineage2,5,,,,
83,Mauremys_reevesii_KJ700438.1,Mauremys_reevesii,Mauremys_reevesii,Testudines,Turtles,Geoemydidae,Testudines_Geoemydidae,71,Lineage1,6,,,,
84,Mauremys_sinensis_KC333650.1,Mauremys_sinensis,Mauremys_sinensis,Testudines,Turtles,Geoemydidae,Testudines_Geoemydidae,71,Lineage1,6,,,,
85,Mauremys_nigricans_KT951839.1,Mauremys_nigricans,Mauremys_nigricans,Testudines,Turtles,Geoemydidae,Testudines_Geoemydidae,71,Lineage1,6,,,,
86,Mauremys_japonica_GU938833.1,Mauremys_japonica,Mauremys_japonica,Testudines,Turtles,Geoemydidae,Testudines_Geoemydidae,71,Lineage1,6,,,,
87,Mauremys_caspica_KC692465.1,Mauremys_caspica,Mauremys_caspica,Testudines,Turtles,Geoemydidae,Testudines_Geoemydidae,71,Lineage1,6,,,,
88,Mauremys_leprosa_KP100055.1,Mauremys_leprosa,Mauremys_leprosa,Testudines,Turtles,Geoemydidae,Testudines_Geoemydidae,71,Lineage1,6,,,,
89,Mauremys_annamensis_HM131942.1,Mauremys_annamensis,Mauremys_annamensis,Testudines,Turtles,Geoemydidae,Testudines_Geoemydidae,71,Lineage1,6,,,,
90,Mauremys_mutica_KP100056.1,Mauremys_mutica,Mauremys_mutica,Testudines,Turtles,Geoemydidae,Testudines_Geoemydidae,71,Lineage1,6,,,,
91,Cuora_bourreti_JN980701.1,Cuora_bourreti,Cuora_bourreti,Testudines,Turtles,Geoemydidae,Testudines_Geoemydidae,71,Lineage1,6,,,,
92,Cuora_galbinifrons_EU809939.1,Cuora_galbinifrons,Cuora_galbinifrons,Testudines,Turtles,Geoemydidae,Testudines_Geoemydidae,71,Lineage1,6,,,,
93,Cuora_trifasciata_KC543355.1,Cuora_trifasciata,Cuora_trifasciata,Testudines,Turtles,Geoemydidae,Testudines_Geoemydidae,71,Lineage1,6,,,,
94,Cuora_flavomarginata_EU708434.1,Cuora_flavomarginata,Cuora_flavomarginata,Testudines,Turtles,Geoemydidae,Testudines_Geoemydidae,71,Lineage1,6,,,,
95,Pyxidea_mouhotii_DQ659152.1,Pyxidea_mouhotii,Cuora_mouhotii,Testudines,Turtles,Geoemydidae,Testudines_Geoemydidae,71,Lineage1,6,,,,
96,Cuora_amboinensis_FJ763736.1,Cuora_amboinensis,Cuora_amboinensis,Testudines,Turtles,Geoemydidae,Testudines_Geoemydidae,71,Lineage1,6,,,,
97,Cyclemys_pulchristriata_JQ266015.1,Cyclemys_pulchristriata,Cyclemys_pulchristriata,Testudines,Turtles,Geoemydidae,Testudines_Geoemydidae,71,Lineage1,6,,,,
98,Cyclemys_atripons_EF067858.1,Cyclemys_atripons,Cyclemys_atripons,Testudines,Turtles,Geoemydidae,Testudines_Geoemydidae,71,Lineage1,6,,,,
99,Cyclemys_dentata_JX455823.1,Cyclemys_dentata,Cyclemys_dentata,Testudines,Turtles,Geoemydidae,Testudines_Geoemydidae,71,Lineage1,6,,,,
100,Cyclemys_oldhamii__JN582335.1,Cyclemys_oldhamii,Cyclemys_oldhami,Testudines,Turtles,Geoemydidae,Testudines_Geoemydidae,71,Lineage1,6,,,,
101,Cyclemys_fusca_JX218031.1,Cyclemys_fusca,Cyclemys_fusca,Testudines,Turtles,Geoemydidae,Testudines_Geoemydidae,71,Lineage1,6,,,,
102,Heosemys_depressa_JQ266017.1,Heosemys_depressa,Heosemys_depressa,Testudines,Turtles,Geoemydidae,Testudines_Geoemydidae,71,Lineage1,6,,,,
103,Heosemys_grandis_KX816868.1,Heosemys_grandis,Heosemys_grandis,Testudines,Turtles,Geoemydidae,Testudines_Geoemydidae,71,Lineage1,6,,,,
104,Heosemys_annandalii_JF742646.1,Heosemys_annandalii,Heosemys_annandalii,Testudines,Turtles,Geoemydidae,Testudines_Geoemydidae,71,Lineage1,6,,,,
105,Notochelys_platynota_HQ853256.1,Notochelys_platynota,Notochelys_platynota,Testudines,Turtles,Geoemydidae,Testudines_Geoemydidae,71,Lineage1,6,,,,
106,Sacalia_quadriocellata_MT372821.1,Sacalia_quadriocellata,Sacalia_quadriocellata,Testudines,Turtles,Geoemydidae,Testudines_Geoemydidae,71,Lineage1,6,,,,
107,Sacalia_bealei_MT372822.1,Sacalia_bealei,Sacalia_bealei,Testudines,Turtles,Geoemydidae,Testudines_Geoemydidae,71,Lineage1,6,,,,
108,Pangshura_tentoria_MH795989.1,Pangshura_tentoria,Pangshura_tentoria,Testudines,Turtles,Geoemydidae,Testudines_Geoemydidae,71,Lineage1,6,,,,
109,Pangshura_sylhetensis__MK580979.1,Pangshura_sylhetensis,Pangshura_sylhetensis,Testudines,Turtles,Geoemydidae,Testudines_Geoemydidae,71,Lineage1,6,,,,
110,Batagur_trivittata_KX817298.1,Batagur_trivittata,Batagur_trivittata,Testudines,Turtles,Geoemydidae,Testudines_Geoemydidae,71,Lineage1,6,,,,
111,Geoemyda_spengleri_MH748151.1,Geoemyda_spengleri,Geoemyda_spengleri,Testudines,Turtles,Geoemydidae,Testudines_Geoemydidae,71,Lineage1,6,6,Geoemydidae,Testudines_Geoemydidae,71
112,Chelonoidis_vicina_MT017699.1,Chelonoidis_vicina,Chelonoidis_vicina,Testudines,Turtles,Testudinidae,Testudines_Testudinidae,60,Lineage2,6,6,Testudinidae,Testudines_Testudinidae,60
113,Chelonoidis_guntheri_MT017700.1,Chelonoidis_guntheri,Chelonoidis_guntheri,Testudines,Turtles,Testudinidae,Testudines_Testudinidae,60,Lineage2,6,,,,
114,Chelonoidis_vandenburghi_MT017701.1,Chelonoidis_vandenburghi,Chelonoidis_vandenburghi,Testudines,Turtles,Testudinidae,Testudines_Testudinidae,60,Lineage2,6,,,,
115,Chelonoidis_microphyes_MT017702.1,Chelonoidis_microphyes,Chelonoidis_microphyes,Testudines,Turtles,Testudinidae,Testudines_Testudinidae,60,Lineage2,6,,,,
116,Chelonoidis_porteri_MT017698.1,Chelonoidis_porteri,Chelonoidis_porteri,Testudines,Turtles,Testudinidae,Testudines_Testudinidae,60,Lineage2,6,,,,
117,Chelonoidis_duncanensis_MT017697.1,Chelonoidis_duncanensis,Chelonoidis_duncanensis,Testudines,Turtles,Testudinidae,Testudines_Testudinidae,60,Lineage2,6,,,,
118,Chelonoidis_abingdonii_MT017690.1,Chelonoidis_abingdonii,Chelonoidis_abingdonii,Testudines,Turtles,Testudinidae,Testudines_Testudinidae,60,Lineage2,6,,,,
119,Chelonoidis_hoodensis_MT017696.1,Chelonoidis_hoodensis,Chelonoidis_hoodensis,Testudines,Turtles,Testudinidae,Testudines_Testudinidae,60,Lineage2,6,,,,
120,Chelonoidis_donfaustoi_MT017695.1,Chelonoidis_donfaustoi,Chelonoidis_donfaustoi,Testudines,Turtles,Testudinidae,Testudines_Testudinidae,60,Lineage2,6,,,,
121,Chelonoidis_darwini_MT017694.1,Chelonoidis_darwini,Chelonoidis_darwini,Testudines,Turtles,Testudinidae,Testudines_Testudinidae,60,Lineage2,6,,,,
122,Chelonoidis_becki_MT017693.1,Chelonoidis_becki,Chelonoidis_becki,Testudines,Turtles,Testudinidae,Testudines_Testudinidae,60,Lineage2,6,,,,
123,Geochelone_elegans_MH459393.1,Geochelone_elegans,Geochelone_elegans,Testudines,Turtles,Testudinidae,Testudines_Testudinidae,60,Lineage2,6,,,,
124,Astrochelys_yniphora_JX317746.1,Astrochelys_yniphora,Astrochelys_yniphora,Testudines,Turtles,Testudinidae,Testudines_Testudinidae,60,Lineage2,6,,,,
125,Aldabrachelys_gigantea_KT613185.1,Aldabrachelys_gigantea,Aldabrachelys_gigantea,Testudines,Turtles,Testudinidae,Testudines_Testudinidae,60,Lineage2,6,,,,
126,Geochelone_pardalis__DQ080041.1,Geochelone_pardalis,Stigmochelys_pardalis,Testudines,Turtles,Testudinidae,Testudines_Testudinidae,60,Lineage2,6,,,,
127,Indotestudo_elongata__DQ080043.1,Indotestudo_elongata,Indotestudo_elongata,Testudines,Turtles,Testudinidae,Testudines_Testudinidae,60,Lineage2,6,,,,
128,Indotestudo_forstenii__DQ080044.1,Indotestudo_forstenii,Indotestudo_forstenii,Testudines,Turtles,Testudinidae,Testudines_Testudinidae,60,Lineage2,6,,,,
129,Malacochersus_tornieri__DQ080042.1,Malacochersus_tornieri,Malacochersus_tornieri,Testudines,Turtles,Testudinidae,Testudines_Testudinidae,60,Lineage2,6,,,,
130,Testudo_horsfieldii__DQ080045.1,Testudo_horsfieldii,Testudo_horsfieldii,Testudines,Turtles,Testudinidae,Testudines_Testudinidae,60,Lineage2,6,,,,
131,Testudo_graeca__DQ080050.1,Testudo_graeca,Testudo_graeca,Testudines,Turtles,Testudinidae,Testudines_Testudinidae,60,Lineage2,6,,,,
132,Testudo_marginata__DQ080047.1,Testudo_marginata,Testudo_marginata,Testudines,Turtles,Testudinidae,Testudines_Testudinidae,60,Lineage2,6,,,,
133,Testudo_kleinmanni__DQ080048.1,Testudo_kleinmanni,Testudo_kleinmanni,Testudines,Turtles,Testudinidae,Testudines_Testudinidae,60,Lineage2,6,,,,
134,Manouria_emys__DQ080040.1,Manouria_emys,Manouria_emys,Testudines,Turtles,Testudinidae,Testudines_Testudinidae,60,Lineage2,6,,,,
135,Manouria_impressa_EF661586.1,Manouria_impressa,Manouria_impressa,Testudines,Turtles,Testudinidae,Testudines_Testudinidae,60,Lineage2,6,,,,
136,Sphenodon_punctatus_MN864229.1,Sphenodon_punctatus,Sphenodon_punctatus,Rhynchocephalia,Tuataras,Sphenodontidae,Rhynchocephalia_Sphenodontidae,1,,,,,,
137,Dibamus_bogadeki_AB738954.1,Dibamus_bogadeki,Dibamus_bogadeki,Squamata,Lizards,Dibamidae,Squamata_Dibamidae,9,,,,,,
138,Eublepharis_macularius_AB738955.1,Eublepharis_macularius,Eublepharis_macularius,Squamata,Lizards: geckos,Eublepharidae,Squamata_Eublepharidae,30,,,,,,
139,Hemitheconyx_caudicinctus_AB610502.1,Hemitheconyx_caudicinctus,Hemitheconyx_caudicinctus,Squamata,Lizards: geckos,Eublepharidae,Squamata_Eublepharidae,30,,,,,,
140,Aeluroscalabotes_felinus_AB738948.1,Aeluroscalabotes_felinus,Aeluroscalabotes_felinus,Squamata,Lizards: geckos,Eublepharidae,Squamata_Eublepharidae,30,,,,,,
141,Coleonyx_variegatus_AB114446.1,Coleonyx_variegatus,Coleonyx_variegatus,Squamata,Lizards: geckos,Eublepharidae,Squamata_Eublepharidae,30,,,,,,
142,Teratoscincus_roborowskii_MT107158.1,Teratoscincus_roborowskii,Teratoscincus_roborowskii,Squamata,Lizards: geckos,Sphaerodactylidae,Squamata_Sphaerodactylidae,126,,,,,,
143,Pristurus_rupestris_rupestris_MG182397.1,Pristurus_rupestris,Pristurus_rupestris,Squamata,Lizards: geckos,Sphaerodactylidae,Squamata_Sphaerodactylidae,126,,,,,,
144,Gonatodes_albogularis_AB612271.1,Gonatodes_albogularis,Gonatodes_albogularis,Squamata,Lizards: geckos,Sphaerodactylidae,Squamata_Sphaerodactylidae,126,,,,,,
145,Heteronotia_binoei_EF626807.1,Heteronotia_binoei,Heteronotia_binoei,Squamata,Lizards: geckos,Gekkonidae,Squamata_Gekkonidae,869,Lineage1,7,,,,
146,Cnemaspis_limi_HQ896026.1,Cnemaspis_limi,Cnemaspis_limi,Squamata,Lizards: geckos,Gekkonidae,Squamata_Gekkonidae,869,Lineage1,7,,,,
147,Gekko_subpalmatus_MK680534.1,Gekko_subpalmatus,Gekko_subpalmatus,Squamata,Lizards: geckos,Gekkonidae,Squamata_Gekkonidae,869,Lineage1,7,,,,
148,Gekko_hokouensis_KT005801.1,Gekko_hokouensis,Gekko_hokouensis,Squamata,Lizards: geckos,Gekkonidae,Squamata_Gekkonidae,869,Lineage1,7,,,,
149,Gekko_swinhonis_JQ906550.1,Gekko_swinhonis,Gekko_swinhonis,Squamata,Lizards: geckos,Gekkonidae,Squamata_Gekkonidae,869,Lineage1,7,,,,
150,Gekko_japonicus_KT005800.1,Gekko_japonicus,Gekko_japonicus,Squamata,Lizards: geckos,Gekkonidae,Squamata_Gekkonidae,869,Lineage1,7,,,,
151,Gekko_chinensis_KP666135.1,Gekko_chinensis,Gekko_chinensis,Squamata,Lizards: geckos,Gekkonidae,Squamata_Gekkonidae,869,Lineage1,7,,,,
152,Gekko_vittatus_NC_008772.1,Gekko_vittatus,Gekko_vittatus,Squamata,Lizards: geckos,Gekkonidae,Squamata_Gekkonidae,869,Lineage1,7,,,,
153,Gekko_gecko_AY282753.1,Gekko_gecko,Gekko_gecko,Squamata,Lizards: geckos,Gekkonidae,Squamata_Gekkonidae,869,Lineage1,7,,,,
154,Lepidodactylus_lugubris_AB738945.1,Lepidodactylus_lugubris,Lepidodactylus_lugubris,Squamata,Lizards: geckos,Gekkonidae,Squamata_Gekkonidae,869,Lineage1,7,,,,
155,Stenodactylus_petrii_AB738952.1,Stenodactylus_petrii,Stenodactylus_petrii,Squamata,Lizards: geckos,Gekkonidae,Squamata_Gekkonidae,869,Lineage1,7,,,,
156,Tropiocolotes_tripolitanus_AB661661.1,Tropiocolotes_tripolitanus,Tropiocolotes_tripolitanus,Squamata,Lizards: geckos,Gekkonidae,Squamata_Gekkonidae,869,Lineage1,7,,,,
157,Cyrtopodion_scabrum_AB661665.1,Cyrtopodion_scabrum,Cyrtopodion_scabrum,Squamata,Lizards: geckos,Gekkonidae,Squamata_Gekkonidae,869,Lineage1,7,,,,
158,Hemidactylus_frenatus_GQ245970.2,Hemidactylus_frenatus,Hemidactylus_frenatus,Squamata,Lizards: geckos,Gekkonidae,Squamata_Gekkonidae,869,Lineage1,7,,,,
159,Hemidactylus_bowringii__KM508815.1,Hemidactylus_bowringii,Hemidactylus_bowringii,Squamata,Lizards: geckos,Gekkonidae,Squamata_Gekkonidae,869,Lineage1,7,,,,
160,Paroedura_picta_KR149293.1,Paroedura_picta,Paroedura_picta,Squamata,Lizards: geckos,Gekkonidae,Squamata_Gekkonidae,869,Lineage1,7,,,,
161,Phelsuma_guimbeaui_AB661664.1,Phelsuma_guimbeaui,Phelsuma_guimbeaui,Squamata,Lizards: geckos,Gekkonidae,Squamata_Gekkonidae,869,Lineage1,7,,,,
162,Uroplatus_fimbriatus_AB612276.1,Uroplatus_fimbriatus,Uroplatus_fimbriatus,Squamata,Lizards: geckos,Gekkonidae,Squamata_Gekkonidae,869,Lineage1,7,,,,
163,Uroplatus_ebenaui_AB738950.1,Uroplatus_ebenaui,Uroplatus_ebenaui,Squamata,Lizards: geckos,Gekkonidae,Squamata_Gekkonidae,869,Lineage1,7,7,Gekkonidae,Squamata_Gekkonidae,869
164,Homonota_fasciata_AB738953.1,Homonota_fasciata,Homonota_fasciata,Squamata,Lizards: geckos,Phyllodactylidae,Squamata_Phyllodactylidae,109,Lineage2,7,7,Phyllodactylidae,Squamata_Phyllodactylidae,109
165,Phyllodactylus_unctus_HQ896027.1,Phyllodactylus_unctus,Phyllodactylus_unctus,Squamata,Lizards: geckos,Phyllodactylidae,Squamata_Phyllodactylidae,109,Lineage2,7,,,,
166,Ptyodactylus_guttatus_AB661663.1,Ptyodactylus_guttatus,Ptyodactylus_guttatus,Squamata,Lizards: geckos,Phyllodactylidae,Squamata_Phyllodactylidae,109,Lineage2,7,,,,
167,Tarentola_mauritanica_EU443255.1,Tarentola_mauritanica,Tarentola_mauritanica,Squamata,Lizards: geckos,Phyllodactylidae,Squamata_Phyllodactylidae,109,Lineage2,7,,,,
168,Bavayia_robusta_AB606969.1,Bavayia_robusta,Bavayia_robusta,Squamata,Lizards: geckos,Diplodactylidae,Squamata_Diplodactylidae,124,Lineage1,8,8,Diplodactylidae,Squamata_Diplodactylidae,124
169,Aprasia_parapulchella_KJ004564.1,Aprasia_parapulchella,Aprasia_parapulchella,Squamata,Lizards,Pygopodidae,Squamata_Pygopodidae,39,Lineage2,8,8,Pygopodidae+Carphodactylidae,Squamata_Pygopodidae,70
170,Scincella_modesta_MN786972.1,Scincella_modesta,Scincella_modesta,Squamata,Lizards,Scincidae,Squamata_Scincidae,1075,Lineage1,9,,,,
171,Scincella_vandenburghi_KU646826.1,Scincella_vandenburghi,Scincella_vandenburghi,Squamata,Lizards,Scincidae,Squamata_Scincidae,1075,Lineage1,9,,,,
172,Scincella_huanrenensis_KU507306.1,Scincella_huanrenensis,Scincella_huanrenensis,Squamata,Lizards,Scincidae,Squamata_Scincidae,1075,Lineage1,9,,,,
173,Scincella_reevesii_MN832615.1,Scincella_reevesii,Scincella_reevesii,Squamata,Lizards,Scincidae,Squamata_Scincidae,1075,Lineage1,9,,,,
174,Sphenomorphus_indicus__MK450438.1,Sphenomorphus_indicus,Sphenomorphus_indicus,Squamata,Lizards,Scincidae,Squamata_Scincidae,1075,Lineage1,9,,,,
175,Sphenomorphus_incognitus_MH329292.1,Sphenomorphus_incognitus,Sphenomorphus_incognitus,Squamata,Lizards,Scincidae,Squamata_Scincidae,1075,Lineage1,9,,,,
176,Isopachys_gyldenstolpei_MH020638.1,Isopachys_gyldenstolpei,Isopachys_gyldenstolpei,Squamata,Lizards,Scincidae,Squamata_Scincidae,1075,Lineage1,9,,,,
177,Tropidophorus_hangnam_MN977920.1,Tropidophorus_hangnam,Tropidophorus_hangnam,Squamata,Lizards,Scincidae,Squamata_Scincidae,1075,Lineage1,9,,,,
178,Plestiodon_tunganus__MK370739.1,Plestiodon_tunganus,Plestiodon_tunganus,Squamata,Lizards,Scincidae,Squamata_Scincidae,1075,Lineage1,9,,,,
179,Plestiodon_liui_MT662111.1,Plestiodon_liui,Plestiodon_liui,Squamata,Lizards,Scincidae,Squamata_Scincidae,1075,Lineage1,9,,,,
180,Plestiodon_elegans_KJ643142.1,Plestiodon_elegans,Plestiodon_elegans,Squamata,Lizards,Scincidae,Squamata_Scincidae,1075,Lineage1,9,,,,
181,Plestiodon_chinensis_KT279358.1,Plestiodon_chinensis,Plestiodon_chinensis,Squamata,Lizards,Scincidae,Squamata_Scincidae,1075,Lineage1,9,,,,
182,Plestiodon_egregius_AB016606.1,Plestiodon_egregius,Plestiodon_egregius,Squamata,Lizards,Scincidae,Squamata_Scincidae,1075,Lineage1,9,9,Scincidae,Squamata_Scincidae,1075
183,Lepidophyma_flavimaculatum_AB162908.1,Lepidophyma_flavimaculatum,Lepidophyma_flavimaculatum,Squamata,Lizards,Xantusiidae,Squamata_Xantusiidae,31,Lineage2,9,9,Xantusiidae+Cordylidae+Gerrhosauridae+,Squamata_Xantusiidae,125
184,Smaug_warreni_AB079613.1,Smaug_warreni,Smaug_warreni,Squamata,Lizards,Cordylidae,Squamata_Cordylidae,56,Lineage2,9,,,,
185,Iphisa_elegans__MT472615.1,Iphisa_elegans,Iphisa_elegans,Squamata,Lizards,Gymnophthalmidae,Squamata_Gymnophthalmidae,166,,,,,,
186,Podarcis_siculus_FJ460598.1,Podarcis_siculus,Podarcis_siculus,Squamata,Lizards,Lacertidae,Squamata_Lacertidae,283,,,,,,
187,Podarcis_muralis_FJ460597.1,Podarcis_muralis,Podarcis_muralis,Squamata,Lizards,Lacertidae,Squamata_Lacertidae,283,,,,,,
188,Zootoca_vivipara_KM401599.1,Zootoca_vivipara,Zootoca_vivipara,Squamata,Lizards,Lacertidae,Squamata_Lacertidae,283,,,,,,
189,Lacerta_bilineata_KT722705.2,Lacerta_bilineata,Lacerta_bilineata,Squamata,Lizards,Lacertidae,Squamata_Lacertidae,283,,,,,,
190,Lacerta_viridis_viridis_NC_008328.1,Lacerta_viridis,Lacerta_viridis,Squamata,Lizards,Lacertidae,Squamata_Lacertidae,283,,,,,,
191,Lacerta_agilis_KC990830.1,Lacerta_agilis,Lacerta_agilis,Squamata,Lizards,Lacertidae,Squamata_Lacertidae,283,,,,,,
192,Phoenicolacerta_kulzeri_FJ460596.1,Phoenicolacerta_kulzeri,Phoenicolacerta_kulzeri,Squamata,Lizards,Lacertidae,Squamata_Lacertidae,283,,,,,,
193,Darevskia_armeniaca_MG704915.1,Darevskia_armeniaca,Darevskia_armeniaca,Squamata,Lizards,Lacertidae,Squamata_Lacertidae,283,,,,,,
194,Darevskia_mixta_MG704917.1,Darevskia_mixta,Darevskia_mixta,Squamata,Lizards,Lacertidae,Squamata_Lacertidae,283,,,,,,
195,Darevskia_clarkorum_MH481134.1,Darevskia_clarkorum,Darevskia_clarkorum,Squamata,Lizards,Lacertidae,Squamata_Lacertidae,283,,,,,,
196,Darevskia_caucasica_MH481131.1,Darevskia_caucasica,Darevskia_caucasica,Squamata,Lizards,Lacertidae,Squamata_Lacertidae,283,,,,,,
197,Darevskia_derjugini_MH481130.1,Darevskia_derjugini,Darevskia_derjugini,Squamata,Lizards,Lacertidae,Squamata_Lacertidae,283,,,,,,
198,Darevskia_daghestanica_MH481135.1,Darevskia_daghestanica,Darevskia_daghestanica,Squamata,Lizards,Lacertidae,Squamata_Lacertidae,283,,,,,,
199,Darevskia_raddei_MH481133.1,Darevskia_raddei,Darevskia_raddei,Squamata,Lizards,Lacertidae,Squamata_Lacertidae,283,,,,,,
200,Darevskia_unisexualis_KX644918.1,Darevskia_unisexualis,Darevskia_unisexualis,Squamata,Lizards,Lacertidae,Squamata_Lacertidae,283,,,,,,
201,Darevskia_chlorogaster_MH481136.1,Darevskia_chlorogaster,Darevskia_chlorogaster,Squamata,Lizards,Lacertidae,Squamata_Lacertidae,283,,,,,,
202,Darevskia_saxicola_MG704921.1,Darevskia_saxicola,Darevskia_saxicola,Squamata,Lizards,Lacertidae,Squamata_Lacertidae,283,,,,,,
203,Darevskia_praticola_MH481132.1,Darevskia_praticola,Darevskia_praticola,Squamata,Lizards,Lacertidae,Squamata_Lacertidae,283,,,,,,
204,Darevskia_rudis_MG704920.1,Darevskia_rudis,Darevskia_rudis,Squamata,Lizards,Lacertidae,Squamata_Lacertidae,283,,,,,,
205,Darevskia_valentini_MG655240.1,Darevskia_valentini,Darevskia_valentini,Squamata,Lizards,Lacertidae,Squamata_Lacertidae,283,,,,,,
206,Darevskia_portschinskii_MG704919.1,Darevskia_portschinskii,Darevskia_portschinskii,Squamata,Lizards,Lacertidae,Squamata_Lacertidae,283,,,,,,
207,Darevskia_parvula_MG704918.1,Darevskia_parvula,Darevskia_parvula,Squamata,Lizards,Lacertidae,Squamata_Lacertidae,283,,,,,,
208,Takydromus_wolteri_JX181764.1,Takydromus_wolteri,Takydromus_wolteri,Squamata,Lizards,Lacertidae,Squamata_Lacertidae,283,,,,,,
209,Takydromus_amurensis__KU641018.1,Takydromus_amurensis,Takydromus_amurensis,Squamata,Lizards,Lacertidae,Squamata_Lacertidae,283,,,,,,
210,Takydromus_tachydromoides_AB080237.1,Takydromus_tachydromoides,Takydromus_tachydromoides,Squamata,Lizards,Lacertidae,Squamata_Lacertidae,283,,,,,,
211,Takydromus_sexlineatus_KF425529.1,Takydromus_sexlineatus,Takydromus_sexlineatus,Squamata,Lizards,Lacertidae,Squamata_Lacertidae,283,,,,,,
212,Eremias_multiocellata_KM257724.1,Eremias_multiocellata,Eremias_multiocellata,Squamata,Lizards,Lacertidae,Squamata_Lacertidae,283,,,,,,
213,Eremias_dzungarica__MW250881.1,Eremias_dzungarica,Eremias_dzungarica,Squamata,Lizards,Lacertidae,Squamata_Lacertidae,283,,,,,,
214,Eremias_przewalskii_KM507330.1,Eremias_przewalskii,Eremias_przewalskii,Squamata,Lizards,Lacertidae,Squamata_Lacertidae,283,,,,,,
215,Eremias_stummeri__KT372881.1,Eremias_stummeri,Eremias_stummeri,Squamata,Lizards,Lacertidae,Squamata_Lacertidae,283,,,,,,
216,Eremias_brenchleyi_EF490071.1,Eremias_brenchleyi,Eremias_brenchleyi,Squamata,Lizards,Lacertidae,Squamata_Lacertidae,283,,,,,,
217,Eremias_argus__JQ086345.1,Eremias_argus,Eremias_argus,Squamata,Lizards,Lacertidae,Squamata_Lacertidae,283,,,,,,
218,Eremias_velox_KM359148.1,Eremias_velox,Eremias_velox,Squamata,Lizards,Lacertidae,Squamata_Lacertidae,283,,,,,,
219,Eremias_vermiculata__KP981388.1,Eremias_vermiculata,Eremias_vermiculata,Squamata,Lizards,Lacertidae,Squamata_Lacertidae,283,,,,,,
220,Rhineura_floridana__AY605473.1,Rhineura_floridana,Rhineura_floridana,Squamata,Amphisbaenias,Rhineuridae,Squamata_Rhineuridae,1,,,,,,
221,Bipes_canaliculatus__AY605484.1,Bipes_canaliculatus,Bipes_canaliculatus,Squamata,Amphisbaenias,Bipedidae,Squamata_Bipedidae,3,,,,,,
222,Bipes_biporus__AY605481.1,Bipes_biporus,Bipes_biporus,Squamata,Amphisbaenias,Bipedidae,Squamata_Bipedidae,3,,,,,,
223,Bipes_tridactylus__AY605477.1,Bipes_tridactylus,Bipes_tridactylus,Squamata,Amphisbaenias,Bipedidae,Squamata_Bipedidae,3,,,,,,
224,Blanus_cinereus_EU443257.1,Blanus_cinereus,Blanus_cinereus,Squamata,Amphisbaenias,Blanidae,Squamata_Blanidae,6,,,,,,
225,Geocalamus_acutus_AB162909.1,Geocalamus_acutus,Geocalamus_acutus,Squamata,Amphisbaenias,Amphisbaenidae,Squamata_Amphisbaenidae,65,Lineage1,10,,,,
226,Amphisbaena_schmidti__AY605475.1,Amphisbaena_schmidti,Amphisbaena_schmidti,Squamata,Amphisbaenias,Amphisbaenidae,Squamata_Amphisbaenidae,65,Lineage1,10,10,Amphisbaenidae,Squamata_Amphisbaenidae,65
227,Diplometopon_zarudnyi__AY605474.1,Diplometopon_zarudnyi,Diplometopon_zarudnyi,Squamata,Amphisbaenias,Trogonophidae,Squamata_Trogonophidae,4,Lineage2,10,10,Trogonophidae,Squamata_Trogonophidae,4
228,Shinisaurus_crocodilurus_AB080274.1,Shinisaurus_crocodilurus,Shinisaurus_crocodilurus,Squamata,Lizards,Shinisauridae,Squamata_Shinisauridae,1,Lineage1,11,11,Shinisauridae,Squamata_Shinisauridae,1
229,Varanus_salvator_EU747731.1,Varanus_salvator,Varanus_salvator,Squamata,Lizards,Varanidae,Squamata_Varanidae,65,Lineage2,11,11,Varanidae+Lanthanotidae,Squamata_Varanidae,66
230,Varanus_niloticus_AB185327.1,Varanus_niloticus,Varanus_niloticus,Squamata,Lizards,Varanidae,Squamata_Varanidae,65,Lineage2,11,,,,
231,Heloderma_suspectum_AB167711.1,Heloderma_suspectum,Heloderma_suspectum,Squamata,Lizards,Helodermatidae,Squamata_Helodermatidae,2,Lineage1,12,12,Helodermatidae+Xenosauridae,Squamata_Helodermatidae,14
232,Anguis_graeca_KX236331.1,Anguis_graeca,Anguis_graeca,Squamata,Lizards,Anguidae,Squamata_Anguidae,54,Lineage2,12,12,Anguidae+Diploglossidae+Anniellidae,Squamata_Anguidae,111
233,Anguis_colchica_KX236330.1,Anguis_colchica,Anguis_colchica,Squamata,Lizards,Anguidae,Squamata_Anguidae,54,Lineage2,12,,,,
234,Anguis_fragilis_EU443256.1,Anguis_fragilis,Anguis_fragilis,Squamata,Lizards,Anguidae,Squamata_Anguidae,54,Lineage2,12,,,,
235,Anguis_cephallonica_KU052866.1,Anguis_cephallonica,Anguis_cephallonica,Squamata,Lizards,Anguidae,Squamata_Anguidae,54,Lineage2,12,,,,
236,Anguis_veronensis_KX236332.1,Anguis_veronensis,Anguis_veronensis,Squamata,Lizards,Anguidae,Squamata_Anguidae,54,Lineage2,12,,,,
237,Dopasia_gracilis_KJ941042.1,Dopasia_gracilis,Dopasia_gracilis,Squamata,Lizards,Anguidae,Squamata_Anguidae,54,Lineage2,12,,,,
238,Ophisaurus_harti_KF806482.1,Ophisaurus_harti,Dopasia_harti,Squamata,Lizards,Anguidae,Squamata_Anguidae,54,Lineage2,12,,,,
239,Abronia_graminea_AB080273.1,Abronia_graminea,Abronia_graminea,Squamata,Lizards,Anguidae,Squamata_Anguidae,54,Lineage2,12,,,,
240,Phrynocephalus_vlangalii_pylzowi_MF039059.1,Phrynocephalus_vlangalii,Phrynocephalus_vlangalii,Squamata,Lizards,Agamidae,Squamata_Agamidae,348,Lineage1,13,,,,
241,Phrynocephalus_erythrurus_erythrurus_MF039065.1,Phrynocephalus_erythrurus,Phrynocephalus_erythrurus,Squamata,Lizards,Agamidae,Squamata_Agamidae,348,Lineage1,13,,,,
242,Phrynocephalus_theobaldi_theobaldi_MF039063.1,Phrynocephalus_theobaldi,Phrynocephalus_theobaldi,Squamata,Lizards,Agamidae,Squamata_Agamidae,348,Lineage1,13,,,,
243,Phrynocephalus_putjatai_KJ830752.1,Phrynocephalus_putjatai,Phrynocephalus_putjatai,Squamata,Lizards,Agamidae,Squamata_Agamidae,348,Lineage1,13,,,,
244,Phrynocephalus_forsythii_KP232959.1,Phrynocephalus_forsythii,Phrynocephalus_forsythii,Squamata,Lizards,Agamidae,Squamata_Agamidae,348,Lineage1,13,,,,
245,Phrynocephalus_axillaris_KC119493.1,Phrynocephalus_axillaris,Phrynocephalus_axillaris,Squamata,Lizards,Agamidae,Squamata_Agamidae,348,Lineage1,13,,,,
246,Phrynocephalus_przewalskii_KF572032.1,Phrynocephalus_przewalskii,Phrynocephalus_przewalskii,Squamata,Lizards,Agamidae,Squamata_Agamidae,348,Lineage1,13,,,,
247,Phrynocephalus_frontalis_MF039064.1,Phrynocephalus_frontalis,Phrynocephalus_frontalis,Squamata,Lizards,Agamidae,Squamata_Agamidae,348,Lineage1,13,,,,
248,Phrynocephalus_versicolor_KJ749841.1,Phrynocephalus_versicolor,Phrynocephalus_versicolor,Squamata,Lizards,Agamidae,Squamata_Agamidae,348,Lineage1,13,,,,
249,Phrynocephalus_albolineatus_KP279760.1,Phrynocephalus_albolineatus,Phrynocephalus_guttatus,Squamata,Lizards,Agamidae,Squamata_Agamidae,348,Lineage1,13,,,,
250,Phrynocephalus_helioscopus_KM093858.1,Phrynocephalus_helioscopus,Phrynocephalus_helioscopus,Squamata,Lizards,Agamidae,Squamata_Agamidae,348,Lineage1,13,,,,
251,Phrynocephalus_mystaceus_KC578685.1,Phrynocephalus_mystaceus,Phrynocephalus_mystaceus,Squamata,Lizards,Agamidae,Squamata_Agamidae,348,Lineage1,13,,,,
252,Pseudotrapelus_sinaitus_NC_013603.2,Pseudotrapelus_sinaitus,Pseudotrapelus_sinaitus,Squamata,Lizards,Agamidae,Squamata_Agamidae,348,Lineage1,13,,,,
253,Xenagama_taylori_DQ008215.1,Xenagama_taylori,Xenagama_taylori,Squamata,Lizards,Agamidae,Squamata_Agamidae,348,Lineage1,13,,,,
254,Diploderma_micangshanensis_MW242820.1,Diploderma_micangshanensis,Diploderma_micangshanense,Squamata,Lizards,Agamidae,Squamata_Agamidae,348,Lineage1,13,,,,
255,Japalura_flaviceps__KX881372.1,Japalura_flaviceps,Diploderma_flaviceps,Squamata,Lizards,Agamidae,Squamata_Agamidae,348,Lineage1,13,,,,
256,Pseudocalotes_microlepis_KX898132.1,Pseudocalotes_microlepis,Pseudocalotes_microlepis,Squamata,Lizards,Agamidae,Squamata_Agamidae,348,Lineage1,13,,,,
257,Calotes_mystaceus_MT872513.1,Calotes_mystaceus,Calotes_mystaceus,Squamata,Lizards,Agamidae,Squamata_Agamidae,348,Lineage1,13,,,,
258,Calotes_versicolor_AB183287.1,Calotes_versicolor,Calotes_versicolor,Squamata,Lizards,Agamidae,Squamata_Agamidae,348,Lineage1,13,,,,
259,Draco_maculatus_KY073263.1,Draco_maculatus,Draco_maculatus,Squamata,Lizards,Agamidae,Squamata_Agamidae,348,Lineage1,13,,,,
260,Chlamydosaurus_kingii_haplotype_EF090423.1,Chlamydosaurus_kingii,Chlamydosaurus_kingii,Squamata,Lizards,Agamidae,Squamata_Agamidae,348,Lineage1,13,,,,
261,Pogona_vitticeps__NC_006922.1,Pogona_vitticeps,Pogona_vitticeps,Squamata,Lizards,Agamidae,Squamata_Agamidae,348,Lineage1,13,,,,
262,Hydrosaurus_amboinensis_AB475096.1,Hydrosaurus_amboinensis,Hydrosaurus_amboinensis,Squamata,Lizards,Agamidae,Squamata_Agamidae,348,Lineage1,13,,,,
263,Uromastyx_benti_AB114447.1,Uromastyx_benti,Uromastyx_benti,Squamata,Lizards,Agamidae,Squamata_Agamidae,348,Lineage1,13,,,,
264,Leiolepis_guttata_AB476400.1,Leiolepis_guttata,Leiolepis_guttata,Squamata,Lizards,Agamidae,Squamata_Agamidae,348,Lineage1,13,,,,
265,Leiolepis_reevesii_KJ530718.1,Leiolepis_reevesii,Leiolepis_reevesii,Squamata,Lizards,Agamidae,Squamata_Agamidae,348,Lineage1,13,13,Agamidae,Squamata_Agamidae,348
266,Chamaeleo_chamaeleon_recticrista_JF317642.1,Chamaeleo_chamaeleon,Chamaeleo_chamaeleon,Squamata,Lizards,Chamaeleonidae,Squamata_Chamaeleonidae,195,Lineage2,13,13,Chamaeleonidae,Squamata_Chamaeleonidae,195
267,Chamaeleo_africanus__EF222196.1,Chamaeleo_africanus,Chamaeleo_africanus,Squamata,Lizards,Chamaeleonidae,Squamata_Chamaeleonidae,195,Lineage2,13,,,,
268,Chamaeleo_calcaricarens__EF222195.1,Chamaeleo_calcaricarens,Chamaeleo_calcaricarens,Squamata,Lizards,Chamaeleonidae,Squamata_Chamaeleonidae,195,Lineage2,13,,,,
269,Chamaeleo_arabicus__EF222194.1,Chamaeleo_arabicus,Chamaeleo_arabicus,Squamata,Lizards,Chamaeleonidae,Squamata_Chamaeleonidae,195,Lineage2,13,,,,
270,Chamaeleo_calyptratus__EF222192.1,Chamaeleo_calyptratus,Chamaeleo_calyptratus,Squamata,Lizards,Chamaeleonidae,Squamata_Chamaeleonidae,195,Lineage2,13,,,,
271,Chamaeleo_zeylanicus__EF222191.1,Chamaeleo_zeylanicus,Chamaeleo_zeylanicus,Squamata,Lizards,Chamaeleonidae,Squamata_Chamaeleonidae,195,Lineage2,13,,,,
272,Chamaeleo_monachus__EF222190.1,Chamaeleo_monachus,Chamaeleo_monachus,Squamata,Lizards,Chamaeleonidae,Squamata_Chamaeleonidae,195,Lineage2,13,,,,
273,Chamaeleo_dilepis__EF222189.1,Chamaeleo_dilepis,Chamaeleo_dilepis,Squamata,Lizards,Chamaeleonidae,Squamata_Chamaeleonidae,195,Lineage2,13,,,,
274,Calumma_parsonii_AB474915.1,Calumma_parsonii,Calumma_parsonii,Squamata,Lizards,Chamaeleonidae,Squamata_Chamaeleonidae,195,Lineage2,13,,,,
275,Trioceros_melleri_AB474916.1,Trioceros_melleri,Trioceros_melleri,Squamata,Lizards,Chamaeleonidae,Squamata_Chamaeleonidae,195,Lineage2,13,,,,
276,Kinyongia_fischeri__EF222188.1,Kinyongia_fischeri,Kinyongia_fischeri,Squamata,Lizards,Chamaeleonidae,Squamata_Chamaeleonidae,195,Lineage2,13,,,,
277,Furcifer_oustaleti_AB185326.1,Furcifer_oustaleti,Furcifer_oustaleti,Squamata,Lizards,Chamaeleonidae,Squamata_Chamaeleonidae,195,Lineage2,13,,,,
278,Brookesia_decaryi_AB474914.1,Brookesia_decaryi,Brookesia_decaryi,Squamata,Lizards,Chamaeleonidae,Squamata_Chamaeleonidae,195,Lineage2,13,,,,
279,Holbrookia_lacerata_MH000182.1,Holbrookia_lacerata,Holbrookia_lacerata,Squamata,Lizards,Phrynosomatidae,Squamata_Phrynosomatidae,140,,,,,,
280,Phrynosoma_blainvillii__MG387969.1,Phrynosoma_blainvillii,Phrynosoma_blainvillii,Squamata,Lizards,Phrynosomatidae,Squamata_Phrynosomatidae,140,,,,,,
281,Sceloporus_occidentalis_AB079242.1,Sceloporus_occidentalis,Sceloporus_occidentalis,Squamata,Lizards,Phrynosomatidae,Squamata_Phrynosomatidae,140,,,,,,
282,Sceloporus_woodi_BK010487.1,Sceloporus_woodi,Sceloporus_woodi,Squamata,Lizards,Phrynosomatidae,Squamata_Phrynosomatidae,140,,,,,,
283,Sceloporus_grammicus_BK010486.1,Sceloporus_grammicus,Sceloporus_grammicus,Squamata,Lizards,Phrynosomatidae,Squamata_Phrynosomatidae,140,,,,,,
284,Urosaurus_nigricaudus__KP091282.1,Urosaurus_nigricaudus,Urosaurus_nigricaudus,Squamata,Lizards,Phrynosomatidae,Squamata_Phrynosomatidae,140,,,,,,
285,Uta_stansburiana__KP899459.1,Uta_stansburiana,Uta_stansburiana,Squamata,Lizards,Phrynosomatidae,Squamata_Phrynosomatidae,140,,,,,,
286,Anolis_carolinensis_EU747728.2,Anolis_carolinensis,Anolis_carolinensis,Squamata,Lizards,Dactyloidae,Squamata_Dactyloidae,340,,,,,,
287,Anolis_punctatus_MK091854.1,Anolis_punctatus,Anolis_punctatus,Squamata,Lizards,Dactyloidae,Squamata_Dactyloidae,340,,,,,,
288,Polychrus_marmoratus_AB266749.1,Polychrus_marmoratus,Polychrus_marmoratus,Squamata,Lizards,Polychrotidae,Squamata_Polychrotidae,8,Lineage1,14,14,Polychrotidae+Liolaemidae,Squamata_Polychrotidae,326
289,Oplurus_grandidieri_AB218720.1,Oplurus_grandidieri,Oplurus_grandidieri,Squamata,Lizards,Opluridae,Squamata_Opluridae,7,Lineage2,14,14,Opluridae+Leiosauridae+Hoplocercidae,Squamata_Opluridae,60
290,Chalarodon_madagascariensis_AB266748.1,Chalarodon_madagascariensis,Chalarodon_madagascariensis,Squamata,Lizards,Opluridae,Squamata_Opluridae,7,Lineage2,14,,,,
291,Conolophus_subcristatus_KT277936.1,Conolophus_subcristatus,Conolophus_subcristatus,Squamata,Lizards,Iguanidae,Squamata_Iguanidae,40,Lineage1,15,,,,
292,Amblyrhynchus_cristatus_KT277937.1,Amblyrhynchus_cristatus,Amblyrhynchus_cristatus,Squamata,Lizards,Iguanidae,Squamata_Iguanidae,40,Lineage1,15,,,,
293,Iguana_iguana_NC_002793.1,Iguana_iguana,Iguana_iguana,Squamata,Lizards,Iguanidae,Squamata_Iguanidae,40,Lineage1,15,,,,
294,Iguana_delicatissima_MK923980.1,Iguana_delicatissima,Iguana_delicatissima,Squamata,Lizards,Iguanidae,Squamata_Iguanidae,40,Lineage1,15,,,,
295,Cyclura_pinguis_NC_027089.1,Cyclura_pinguis,Cyclura_pinguis,Squamata,Lizards,Iguanidae,Squamata_Iguanidae,40,Lineage1,15,15,Iguanidae,Squamata_Iguanidae,40
296,Leiocephalus_personatus_AB266739.1,Leiocephalus_personatus,Leiocephalus_personatus,Squamata,Lizards,Leiocephalidae,Squamata_Leiocephalidae,15,Lineage2,15,15,Leiocephalidae,Squamata_Leiocephalidae,15
297,Gambelia_wislizenii_AB218884.1,Gambelia_wislizenii,Gambelia_wislizenii,Squamata,Lizards,Crotaphytidae,Squamata_Crotaphytidae,12,Lineage1,16,16,Crotaphytidae,Squamata_Crotaphytidae,12
298,Basiliscus_vittatus_AB218883.1,Basiliscus_vittatus,Basiliscus_vittatus,Squamata,Lizards,Corytophanidae,Squamata_Corytophanidae,8,Lineage2,16,16,Corytophanidae,Squamata_Corytophanidae,8
299,Xerotyphlops_vermicularis_MH745105.1,Xerotyphlops_vermicularis,Xerotyphlops_vermicularis,Squamata,Snakes,Typhlopidae,Squamata_Typhlopidae,106,,,,,,
300,Ramphotyphlops_braminus_DQ343649.1,Ramphotyphlops_braminus,Indotyphlops_braminus,Squamata,Snakes,Typhlopidae,Squamata_Typhlopidae,106,,,,,,
301,Typhlops_reticulatus_EU747730.1,Typhlops_reticulatus,Amerotyphlops_reticulatus,Squamata,Snakes,Typhlopidae,Squamata_Typhlopidae,106,,,,,,
302,Tropidophis_haetianus_FJ755181.1,Tropidophis_haetianus,Tropidophis_haetianus,Squamata,Snakes,Tropidophiidae,Squamata_Tropidophiidae,10,Lineage1,17,17,Tropidophiidae,Squamata_Tropidophiidae,10
303,Anilius_scytale_FJ755180.1,Anilius_scytale,Anilius_scytale,Squamata,Snakes,Aniliidae,Squamata_Aniliidae,1,Lineage2,17,17,Aniliidae,Squamata_Aniliidae,1
304,Cylindrophis_ruffus_AB179619.1,Cylindrophis_ruffus,Cylindrophis_ruffus,Squamata,Snakes,Cylindrophiidae,Squamata_Cylindrophiidae,2,,,,,,
305,Eryx_tataricus_MG582067.1,Eryx_tataricus,Eryx_miliaris,Squamata,Snakes,Boidae,Squamata_Boidae,54,,,,,,
306,Boa_constrictor_AB177354.1,Boa_constrictor,Boa_constrictor,Squamata,Snakes,Boidae,Squamata_Boidae,54,,,,,,
307,Xenopeltis_unicolor_AB179620.1,Xenopeltis_unicolor,Xenopeltis_unicolor,Squamata,Snakes,Xenopeltidae,Squamata_Xenopeltidae,1,Lineage1,18,18,Xenopeltidae,Squamata_Xenopeltidae,1
308,Python_bivittatus_KF010492.1,Python_bivittatus,Python_bivittatus,Squamata,Snakes,Pythonidae,Squamata_Pythonidae,34,Lineage2,18,18,Pythonidae+Loxocemidae,Squamata_Pythonidae,35
309,Python_regius_AB177878.1,Python_regius,Python_regius,Squamata,Snakes,Pythonidae,Squamata_Pythonidae,34,Lineage2,18,,,,
310,Python_molurus_molurus_HM581978.1,Python_molurus,Python_molurus,Squamata,Snakes,Pythonidae,Squamata_Pythonidae,34,Lineage2,18,,,,
311,Malayopython_reticulatus_MH410033.1,Malayopython_reticulatus,Malayopython_reticulatus,Squamata,Snakes,Pythonidae,Squamata_Pythonidae,34,Lineage2,18,,,,
312,Acrochordus_granulatus_AB177879.1,Acrochordus_granulatus,Acrochordus_granulatus,Squamata,Snakes,Acrochordidae,Squamata_Acrochordidae,3,,,,,,
313,Achalinus_spinalis__KT897594.1,Achalinus_spinalis,Achalinus_spinalis,Squamata,Snakes,Xenodermidae,Squamata_Xenodermidae,9,,,,,,
314,Achalinus_rufescens__KT897595.1,Achalinus_rufescens,Achalinus_rufescens,Squamata,Snakes,Xenodermidae,Squamata_Xenodermidae,9,,,,,,
315,Achalinus_meiguensis_FJ424614.1,Achalinus_meiguensis,Achalinus_meiguensis,Squamata,Snakes,Xenodermidae,Squamata_Xenodermidae,9,,,,,,
316,Pareas_boulengeri_MN866896.1,Pareas_boulengeri,Pareas_boulengeri,Squamata,Snakes,Pareidae,Squamata_Pareidae,19,,,,,,
317,Gloydius_shedaoensis_KT726957.1,Gloydius_shedaoensis,Gloydius_shedaoensis,Squamata,Snakes,Viperidae,Squamata_Viperidae,293,,,,,,
318,Gloydius_intermedius_KM186844.1,Gloydius_intermedius,Gloydius_intermedius,Squamata,Snakes,Viperidae,Squamata_Viperidae,293,,,,,,
319,Gloydius_saxatilis_changdaoensis_MT731652.1,Gloydius_saxatilis,Gloydius_saxatilis,Squamata,Snakes,Viperidae,Squamata_Viperidae,293,,,,,,
320,Gloydius_strauchi_MF523224.1,Gloydius_strauchi,Gloydius_strauchi,Squamata,Snakes,Viperidae,Squamata_Viperidae,293,,,,,,
321,Gloydius_blomhoffi_brevicaudus_EU913477.1,Gloydius_blomhoffi,Gloydius_blomhoffii,Squamata,Snakes,Viperidae,Squamata_Viperidae,293,,,,,,
322,Gloydius_ussuriensis_KP262412.1,Gloydius_ussuriensis,Gloydius_ussuriensis,Squamata,Snakes,Viperidae,Squamata_Viperidae,293,,,,,,
323,Bothrops_diporus_MG182599.1,Bothrops_diporus,Bothrops_diporus,Squamata,Snakes,Viperidae,Squamata_Viperidae,293,,,,,,
324,Bothrops_pubescens_MG182598.1,Bothrops_pubescens,Bothrops_pubescens,Squamata,Snakes,Viperidae,Squamata_Viperidae,293,,,,,,
325,Bothrops_jararaca_KU194299.1,Bothrops_jararaca,Bothrops_jararaca,Squamata,Snakes,Viperidae,Squamata_Viperidae,293,,,,,,
326,Agkistrodon_piscivorus_DQ523161.1,Agkistrodon_piscivorus,Agkistrodon_piscivorus,Squamata,Snakes,Viperidae,Squamata_Viperidae,293,,,,,,
327,Agkistrodon_contortrix_KY747498.1,Agkistrodon_contortrix,Agkistrodon_contortrix,Squamata,Snakes,Viperidae,Squamata_Viperidae,293,,,,,,
328,Crotalus_adamanteus_MH626511.1,Crotalus_adamanteus,Crotalus_adamanteus,Squamata,Snakes,Viperidae,Squamata_Viperidae,293,,,,,,
329,Protobothrops_dabieshanensis_KF003004.1,Protobothrops_dabieshanensis,Protobothrops_dabieshanensis,Squamata,Snakes,Viperidae,Squamata_Viperidae,293,,,,,,
330,Protobothrops_jerdonii_KC112560.1,Protobothrops_jerdonii,Protobothrops_jerdonii,Squamata,Snakes,Viperidae,Squamata_Viperidae,293,,,,,,
331,Protobothrops_cornutus_KF110978.1,Protobothrops_cornutus,Protobothrops_cornutus,Squamata,Snakes,Viperidae,Squamata_Viperidae,293,,,,,,
332,Protobothrops_tokarensis_NC_030182.1,Protobothrops_tokarensis,Protobothrops_tokarensis,Squamata,Snakes,Viperidae,Squamata_Viperidae,293,,,,,,
333,Protobothrops_flavoviridis_NC_030181.1,Protobothrops_flavoviridis,Protobothrops_flavoviridis,Squamata,Snakes,Viperidae,Squamata_Viperidae,293,,,,,,
334,Protobothrops_mucrosquamatus_KC438281.1,Protobothrops_mucrosquamatus,Protobothrops_mucrosquamatus,Squamata,Snakes,Viperidae,Squamata_Viperidae,293,,,,,,
335,Protobothrops_maolanensis_KF039900.1,Protobothrops_maolanensis,Protobothrops_maolanensis,Squamata,Snakes,Viperidae,Squamata_Viperidae,293,,,,,,
336,Protobothrops_mangshanensis_KT963029.1,Protobothrops_mangshanensis,Protobothrops_mangshanensis,Squamata,Snakes,Viperidae,Squamata_Viperidae,293,,,,,,
337,Protobothrops_kaulbacki_KJ689382.1,Protobothrops_kaulbacki,Protobothrops_kaulbacki,Squamata,Snakes,Viperidae,Squamata_Viperidae,293,,,,,,
338,Protobothrops_himalayanus_KJ689381.1,Protobothrops_himalayanus,Protobothrops_himalayanus,Squamata,Snakes,Viperidae,Squamata_Viperidae,293,,,,,,
339,Ovophis_okinavensis_AB175670.1,Ovophis_okinavensis,Ovophis_okinavensis,Squamata,Snakes,Viperidae,Squamata_Viperidae,293,,,,,,
340,Trimeresurus_albolabris_KF311102.1,Trimeresurus_albolabris,Trimeresurus_albolabris,Squamata,Snakes,Viperidae,Squamata_Viperidae,293,,,,,,
341,Viridovipera_stejnegeri_stejnegeri_FJ752492.1,Viridovipera_stejnegeri,Trimeresurus_stejnegeri,Squamata,Snakes,Viperidae,Squamata_Viperidae,293,,,,,,
342,Trimeresurus_sichuanensis_KT266810.1,Trimeresurus_sichuanensis,Trimeresurus_sichuanensis,Squamata,Snakes,Viperidae,Squamata_Viperidae,293,,,,,,
343,Deinagkistrodon_acutus_DQ343647.1,Deinagkistrodon_acutus,Deinagkistrodon_acutus,Squamata,Snakes,Viperidae,Squamata_Viperidae,293,,,,,,
344,Azemiops_feae_KJ872487.1,Azemiops_feae,Azemiops_feae,Squamata,Snakes,Viperidae,Squamata_Viperidae,293,,,,,,
345,Daboia_russellii_EU913478.1,Daboia_russellii,Daboia_russelii,Squamata,Snakes,Viperidae,Squamata_Viperidae,293,,,,,,
346,Macrovipera_schweizeri_MH717075.1,Macrovipera_schweizeri,Macrovipera_schweizeri,Squamata,Snakes,Viperidae,Squamata_Viperidae,293,,,,,,
347,Vipera_berus_MF945570.1,Vipera_berus,Vipera_berus,Squamata,Snakes,Viperidae,Squamata_Viperidae,293,,,,,,
348,Causus_defilippi_GU045452.1,Causus_defilippi,Causus_defilippii,Squamata,Snakes,Viperidae,Squamata_Viperidae,293,,,,,,
349,Hypsiglena_chlorophaea_chlorophaea_NC_013977.1,Hypsiglena_chlorophaea,Hypsiglena_chlorophaea,Squamata,Snakes,Colubridae,Squamata_Colubridae,990,Lineage1,19,,,,
350,Hypsiglena_unaocularus_KJ486458.1,Hypsiglena_unaocularus,Hypsiglena_unaocularus,Squamata,Snakes,Colubridae,Squamata_Colubridae,990,Lineage1,19,,,,
351,Hypsiglena_catalinae__KJ486459.1,Hypsiglena_catalinae,Hypsiglena_catalinae,Squamata,Snakes,Colubridae,Squamata_Colubridae,990,Lineage1,19,,,,
352,Hypsiglena_ochrorhyncha_ochrorhyncha_NC_013980.1,Hypsiglena_ochrorhyncha,Hypsiglena_ochrorhynchus,Squamata,Snakes,Colubridae,Squamata_Colubridae,990,Lineage1,19,,,,
353,Hypsiglena_affinis__MT561499.1,Hypsiglena_affinis,Hypsiglena_affinis,Squamata,Snakes,Colubridae,Squamata_Colubridae,990,Lineage1,19,,,,
354,Hypsiglena_torquata_NC_013992.1,Hypsiglena_torquata,Hypsiglena_torquata,Squamata,Snakes,Colubridae,Squamata_Colubridae,990,Lineage1,19,,,,
355,Hypsiglena_jani_jani_MT561500.1,Hypsiglena_jani,Hypsiglena_jani,Squamata,Snakes,Colubridae,Squamata_Colubridae,990,Lineage1,19,,,,
356,Hypsiglena_slevini_NC_013987.1,Hypsiglena_slevini,Hypsiglena_slevini,Squamata,Snakes,Colubridae,Squamata_Colubridae,990,Lineage1,19,,,,
357,Pseudoleptodeira_latifasciata_NC_013981.1,Pseudoleptodeira_latifasciata,Pseudoleptodeira_latifasciata,Squamata,Snakes,Colubridae,Squamata_Colubridae,990,Lineage1,19,,,,
358,Sibon_nebulatus_NC_013985.1,Sibon_nebulatus,Sibon_nebulatus,Squamata,Snakes,Colubridae,Squamata_Colubridae,990,Lineage1,19,,,,
359,Leptodeira_septentrionalis_polysticta_NC_013990.1,Leptodeira_septentrionalis,Leptodeira_septentrionalis,Squamata,Snakes,Colubridae,Squamata_Colubridae,990,Lineage1,19,,,,
360,Imantodes_cenchoa_NC_013988.1,Imantodes_cenchoa,Imantodes_cenchoa,Squamata,Snakes,Colubridae,Squamata_Colubridae,990,Lineage1,19,,,,
361,Thermophis_shangrila_MF066951.1,Thermophis_shangrila,Thermophis_shangrila,Squamata,Snakes,Colubridae,Squamata_Colubridae,990,Lineage1,19,,,,
362,Thermophis_zhaoermii_GQ166168.1,Thermophis_zhaoermii,Thermophis_zhaoermii,Squamata,Snakes,Colubridae,Squamata_Colubridae,990,Lineage1,19,,,,
363,Thermophis_baileyi_MF326642.1,Thermophis_baileyi,Thermophis_baileyi,Squamata,Snakes,Colubridae,Squamata_Colubridae,990,Lineage1,19,,,,
364,Oligodon_ningshaanensis_KJ719252.1,Oligodon_ningshaanensis,Stichophanes_ningshaanensis,Squamata,Snakes,Colubridae,Squamata_Colubridae,990,Lineage1,19,,,,
365,Hebius_vibakari_ruthveni_KP684155.1,Hebius_vibakari,Hebius_vibakari,Squamata,Snakes,Colubridae,Squamata_Colubridae,990,Lineage1,19,,,,
366,Hebius_optatum_MN427890.1,Hebius_optatum,Hebius_optatum,Squamata,Snakes,Colubridae,Squamata_Colubridae,990,Lineage1,19,,,,
367,Rhabdophis_tigrinus__KU641019.1,Rhabdophis_tigrinus,Rhabdophis_tigrinus,Squamata,Snakes,Colubridae,Squamata_Colubridae,990,Lineage1,19,,,,
368,Pseudagkistrodon_rudis__MW327508.1,Pseudagkistrodon_rudis,Pseudagkistrodon_rudis,Squamata,Snakes,Colubridae,Squamata_Colubridae,990,Lineage1,19,,,,
369,Opisthotropis_latouchii_MK570292.1,Opisthotropis_latouchii,Opisthotropis_latouchii,Squamata,Snakes,Colubridae,Squamata_Colubridae,990,Lineage1,19,,,,
370,Opisthotropis_guangxiensis_MT571495.1,Opisthotropis_guangxiensis,Opisthotropis_guangxiensis,Squamata,Snakes,Colubridae,Squamata_Colubridae,990,Lineage1,19,,,,
371,Nerodia_sipedon_JF964960.1,Nerodia_sipedon,Nerodia_sipedon,Squamata,Snakes,Colubridae,Squamata_Colubridae,990,Lineage1,19,,,,
372,Sibynophis_collaris_JN211315.1,Sibynophis_collaris,Sibynophis_collaris,Squamata,Snakes,Colubridae,Squamata_Colubridae,990,Lineage1,19,,,,
373,Elaphe_bimaculata_KM065513.1,Elaphe_bimaculata,Elaphe_bimaculata,Squamata,Snakes,Colubridae,Squamata_Colubridae,990,Lineage1,19,,,,
374,Elaphe_davidi_KM401547.1,Elaphe_davidi,Elaphe_davidi,Squamata,Snakes,Colubridae,Squamata_Colubridae,990,Lineage1,19,,,,
375,Elaphe_carinata_KU180459.1,Elaphe_carinata,Elaphe_carinata,Squamata,Snakes,Colubridae,Squamata_Colubridae,990,Lineage1,19,,,,
376,Elaphe_quatuorlineata_MK334307.1,Elaphe_quatuorlineata,Elaphe_quatuorlineata,Squamata,Snakes,Colubridae,Squamata_Colubridae,990,Lineage1,19,,,,
377,Elaphe_sauromates_MK070315.1,Elaphe_sauromates,Elaphe_sauromates,Squamata,Snakes,Colubridae,Squamata_Colubridae,990,Lineage1,19,,,,
378,Elaphe_anomala__KP900218.1,Elaphe_anomala,Elaphe_anomala,Squamata,Snakes,Colubridae,Squamata_Colubridae,990,Lineage1,19,,,,
379,Pantherophis_slowinskii_DQ523162.1,Pantherophis_slowinskii,Pantherophis_slowinskii,Squamata,Snakes,Colubridae,Squamata_Colubridae,990,Lineage1,19,,,,
380,Pituophis_catenifer_sayi_KU833245.1,Pituophis_catenifer,Pituophis_catenifer,Squamata,Snakes,Colubridae,Squamata_Colubridae,990,Lineage1,19,,,,
381,Orthriophis_taeniurus_KC990021.1,Orthriophis_taeniurus,Elaphe_taeniura,Squamata,Snakes,Colubridae,Squamata_Colubridae,990,Lineage1,19,,,,
382,Oocatochus_rufodorsatus_KC990020.1,Oocatochus_rufodorsatus,Oocatochus_rufodorsatus,Squamata,Snakes,Colubridae,Squamata_Colubridae,990,Lineage1,19,,,,
383,Elaphe_poryphyracea_GQ181130.1,Elaphe_poryphyracea,Oreocryptophis_porphyraceus,Squamata,Snakes,Colubridae,Squamata_Colubridae,990,Lineage1,19,,,,
384,Euprepiophis_perlacea_KF750656.1,Euprepiophis_perlacea,Euprepiophis_perlaceus,Squamata,Snakes,Colubridae,Squamata_Colubridae,990,Lineage1,19,,,,
385,Dinodon_rufozonatum_KF148622.1,Dinodon_rufozonatum,Lycodon_rufozonatus,Squamata,Snakes,Colubridae,Squamata_Colubridae,990,Lineage1,19,,,,
386,Lycodon_semicarinatus_AB008539.1,Lycodon_semicarinatus,Lycodon_semicarinatus,Squamata,Snakes,Colubridae,Squamata_Colubridae,990,Lineage1,19,,,,
387,Lycodon_flavozonatus_KR911720.1,Lycodon_flavozonatus,Lycodon_flavozonatus,Squamata,Snakes,Colubridae,Squamata_Colubridae,990,Lineage1,19,,,,
388,Lycodon_ruhstrati_MK867843.1,Lycodon_ruhstrati,Lycodon_ruhstrati,Squamata,Snakes,Colubridae,Squamata_Colubridae,990,Lineage1,19,,,,
389,Ptyas_dhumnades_KR812112.1,Ptyas_dhumnades,Ptyas_dhumnades,Squamata,Snakes,Colubridae,Squamata_Colubridae,990,Lineage1,19,,,,
390,Cyclophiops_major_KF148620.1,Cyclophiops_major,Ptyas_major,Squamata,Snakes,Colubridae,Squamata_Colubridae,990,Lineage1,19,,,,
391,Orientocoluber_spinalis_MT304473.1,Orientocoluber_spinalis,Orientocoluber_spinalis,Squamata,Snakes,Colubridae,Squamata_Colubridae,990,Lineage1,19,,,,
392,Oligodon_chinensis_MK347418.1,Oligodon_chinensis,Oligodon_chinensis,Squamata,Snakes,Colubridae,Squamata_Colubridae,990,Lineage1,19,19,Colubridae,Squamata_Colubridae,990
393,Hydrophis_melanocephalus_MK775532.1,Hydrophis_melanocephalus,Hydrophis_melanocephalus,Squamata,Snakes,Elapidae,Squamata_Elapidae,249,Lineage2,19,19,Elapidae+Micrelapidae+Lamprophiidae+Cyclocoridae,Squamata_Elapidae,572
394,Hydrophis_cyanocinctus_MK953550.1,Hydrophis_cyanocinctus,Hydrophis_cyanocinctus,Squamata,Snakes,Elapidae,Squamata_Elapidae,249,Lineage2,19,,,,
395,Hydrophis_curtus_MK953549.1,Hydrophis_curtus,Hydrophis_curtus,Squamata,Snakes,Elapidae,Squamata_Elapidae,249,Lineage2,19,,,,
396,Hydrophis_platurus_MK775530.1,Hydrophis_platurus,Hydrophis_platurus,Squamata,Snakes,Elapidae,Squamata_Elapidae,249,Lineage2,19,,,,
397,Emydocephalus_ijimae_MK775531.1,Emydocephalus_ijimae,Emydocephalus_ijimae,Squamata,Snakes,Elapidae,Squamata_Elapidae,249,Lineage2,19,,,,
398,Laticauda_laticaudata_KY496323.1,Laticauda_laticaudata,Laticauda_laticaudata,Squamata,Snakes,Elapidae,Squamata_Elapidae,249,Lineage2,19,,,,
399,Laticauda_colubrina_KY496324.1,Laticauda_colubrina,Laticauda_colubrina,Squamata,Snakes,Elapidae,Squamata_Elapidae,249,Lineage2,19,,,,
400,Laticauda_semifasciata_KY496325.1,Laticauda_semifasciata,Laticauda_semifasciata,Squamata,Snakes,Elapidae,Squamata_Elapidae,249,Lineage2,19,,,,
401,Naja_atra__EU913475.1,Naja_atra,Naja_atra,Squamata,Snakes,Elapidae,Squamata_Elapidae,249,Lineage2,19,,,,
402,Naja_kaouthia_LC431744.1,Naja_kaouthia,Naja_kaouthia,Squamata,Snakes,Elapidae,Squamata_Elapidae,249,Lineage2,19,,,,
403,Ophiophagus_hannah_EU921899.1,Ophiophagus_hannah,Ophiophagus_hannah,Squamata,Snakes,Elapidae,Squamata_Elapidae,249,Lineage2,19,,,,
404,Bungarus_multicinctus_EU579522.1,Bungarus_multicinctus,Bungarus_multicinctus,Squamata,Snakes,Elapidae,Squamata_Elapidae,249,Lineage2,19,,,,
405,Bungarus_fasciatus_EU579523.1,Bungarus_fasciatus,Bungarus_fasciatus,Squamata,Snakes,Elapidae,Squamata_Elapidae,249,Lineage2,19,,,,
406,Micrurus_fulvius_GU045453.1,Micrurus_fulvius,Micrurus_fulvius,Squamata,Snakes,Elapidae,Squamata_Elapidae,249,Lineage2,19,,,,
407,Sinomicrurus_macclellandi__MT547176.1,Sinomicrurus_macclellandi,Sinomicrurus_macclellandi,Squamata,Snakes,Elapidae,Squamata_Elapidae,249,Lineage2,19,,,,
