Species,Migration1,Migration2
Acanthis_flammea,Short Migratory,Long Migratory
Acanthisitta_chloris,Resident,Resident
Acanthiza_nana,Resident,Resident
Acanthorhynchus_tenuirostris,Resident,Resident
Accipiter_gentilis,Short Migratory,Short Migratory
Accipiter_nisus,Short Migratory,Long Migratory
Accipiter_soloensis,Long Migratory,Long Migratory
Accipiter_trivirgatus,Resident,Resident
Accipiter_virgatus,Short Migratory,Resident
Acridotheres_cristatellus,Short Migratory,Resident
Acridotheres_tristis,Short Migratory,Resident
Acrocephalus_arundinaceus,Long Migratory,Long Migratory
Acrocephalus_orientalis,Long Migratory,Long Migratory
Acrocephalus_scirpaceus,Long Migratory,Long Migratory
Acryllium_vulturinum,Resident,Resident
Actinodura_cyanouroptera,Resident,Resident
Aegithalos_bonvaloti,Resident,Resident
Aegithalos_concinnus,Resident,Resident
Aegithalos_glaucogularis,Resident,Resident
Aegolius_funereus,Short Migratory,Short Migratory
Aegotheles_bennettii,Resident,Resident
Aegotheles_cristatus,Resident,Resident
Aegypius_monachus,Resident,Short Migratory
Aethia_cristatella,Long Migratory,Long Migratory
Aethopyga_gouldiae,Short Migratory,Resident
Agapornis_nigrigenis,Resident,Resident
Agapornis_roseicollis,Resident,Resident
Agelaioides_badius,Resident,Resident
Agelaius_phoeniceus,Long Migratory,Long Migratory
Agelasticus_cyanopus,Resident,Resident
Agelasticus_thilius,Resident,Short Migratory
Aix_galericulata,Long Migratory,Long Migratory
Akialoa_obscura,Resident,Resident
Alauda_arvensis,Short Migratory,Long Migratory
Alaudala_cheleensis,Short Migratory,Short Migratory
Alca_torda,Long Migratory,Long Migratory
Alcedo_atthis,Resident,Short Migratory
Alcippe_morrisonia,Short Migratory,Resident
Aleadryas_rufinucha,Resident,Resident
Alectoris_chukar,Resident,Resident
Amaurornis_phoenicurus,Resident,Short Migratory
Amazona_barbadensis,Resident,Resident
Amazona_guildingii,Resident,Resident
Amazona_ochrocephala,Resident,Resident
Amazona_ventralis,Resident,Resident
Amblyramphus_holosericeus,Resident,Resident
Anas_acuta,Long Migratory,Long Migratory
Anas_crecca,Short Migratory,Short Migratory
Anas_platyrhynchos,Short Migratory,Long Migratory
Anhinga_anhinga,Resident,Resident
Anhinga_melanogaster,Short Migratory,Resident
Anhinga_rufa,Resident,Resident
Anser_anser,Long Migratory,Long Migratory
Anser_cygnoides,Long Migratory,Long Migratory
Anser_indicus,Long Migratory,Long Migratory
Anseranas_semipalmata,Short Migratory,Short Migratory
Anthoscopus_minutus,Resident,Resident
Anthracoceros_coronatus,Resident,Resident
Anthus_campestris,Long Migratory,Long Migratory
Anthus_hodgsoni,Long Migratory,Long Migratory
Anthus_novaeseelandiae,Resident,Resident
Anthus_richardi,Long Migratory,Long Migratory
Antigone_antigone,Short Migratory,Short Migratory
Antigone_canadensis,Long Migratory,Long Migratory
Antigone_rubicunda,Short Migratory,Resident
Antigone_vipio,Long Migratory,Long Migratory
Antrostomus_carolinensis,Long Migratory,Long Migratory
Apaloderma_narina,Resident,Resident
Apaloderma_vittatum,Resident,Resident
Aphelocoma_coerulescens,Resident,Resident
Aphrodroma_brevirostris,Short Migratory,Resident
Aptenodytes_forsteri,Short Migratory,Short Migratory
Aptenodytes_patagonicus,Short Migratory,Short Migratory
Apteryx_australis,Resident,Resident
Apteryx_haastii,Resident,Resident
Apteryx_owenii,Resident,Resident
Apteryx_rowi,Resident,Resident
Apus_apus,Long Migratory,Long Migratory
Aquila_audax,Short Migratory,Resident
Aquila_fasciata,Short Migratory,Short Migratory
Aquila_heliaca,Long Migratory,Long Migratory
Aquila_nipalensis,Long Migratory,Long Migratory
Ara_ararauna,Resident,Resident
Ara_chloropterus,Resident,Resident
Ara_glaucogularis,Resident,Resident
Ara_macao,Resident,Resident
Ara_militaris,Resident,Resident
Ara_severus,Resident,Resident
Ara_tricolor,Resident,Resident
Aramus_guarauna,Resident,Resident
Aratinga_nenday,Resident,Resident
Aratinga_solstitialis,Resident,Resident
Arborophila_ardens,Resident,Resident
Arborophila_atrogularis,Resident,Resident
Arborophila_brunneopectus,Resident,Resident
Arborophila_cambodiana,Resident,Resident
Arborophila_crudigularis,Resident,Resident
Arborophila_gingica,Resident,Resident
Arborophila_hyperythra,Resident,Resident
Arborophila_mandellii,Resident,Resident
Arborophila_orientalis,Resident,Resident
Arborophila_rubrirostris,Resident,Resident
Arborophila_rufipectus,Resident,Resident
Arborophila_torqueola,Resident,Resident
Archilochus_colubris,Long Migratory,Long Migratory
Ardea_alba,Short Migratory,Long Migratory
Ardea_cinerea,Resident,Short Migratory
Ardea_insignis,Resident,Short Migratory
Ardea_intermedia,Short Migratory,Short Migratory
Ardea_purpurea,Long Migratory,Long Migratory
Ardeola_bacchus,Short Migratory,Short Migratory
Ardeotis_kori,Resident,Resident
Arenaria_interpres,Long Migratory,Long Migratory
Argusianus_argus,Resident,Resident
Arremon_aurantiirostris,Resident,Resident
Artamus_cinereus,Resident,Resident
Artamus_cyanopterus,Resident,Resident
Asarcornis_scutulata,Resident,Resident
Asio_flammeus,Long Migratory,Long Migratory
Asio_otus,Short Migratory,Short Migratory
Athene_brama,Resident,Resident
Athene_noctua,Resident,Resident
Atrichornis_clamosus,Resident,Resident
Aythya_americana,Long Migratory,Long Migratory
Aythya_ferina,Resident,Long Migratory
Aythya_fuligula,Short Migratory,Long Migratory
Balaeniceps_rex,Resident,Resident
Balearica_pavonina,Resident,Resident
Balearica_regulorum,Resident,Resident
Bambusicola_fytchii,Resident,Resident
Bambusicola_thoracicus,Resident,Resident
Baryphthengus_martii,Resident,Resident
Batrachostomus_cornutus,Resident,Resident
Bombycilla_cedrorum,Long Migratory,Long Migratory
Bombycilla_garrulus,Long Migratory,Long Migratory
Botaurus_stellaris,Short Migratory,Short Migratory
Brachygalba_albogularis,Resident,Resident
Brachypteracias_leptosomus,Resident,Resident
Branta_canadensis,Long Migratory,Long Migratory
Brotogeris_cyanoptera,Resident,Resident
Bubo_bubo,Resident,Resident
Bubulcus_ibis,Short Migratory,Short Migratory
Bucanetes_mongolicus,Short Migratory,Short Migratory
Bucco_capensis,Resident,Resident
Bucco_macrodactylus,Resident,Resident
Buceros_bicornis,Resident,Resident
Buceros_rhinoceros,Resident,Resident
Bucorvus_abyssinicus,Resident,Resident
Bucorvus_leadbeateri,Resident,Resident
Buphagus_erythrorynchus,Resident,Resident
Burhinus_bistriatus,Resident,Resident
Buteo_buteo,Short Migratory,Short Migratory
Buteo_hemilasius,Resident,Short Migratory
Buteo_lagopus,Long Migratory,Long Migratory
Butorides_striata,Resident,Resident
Bycanistes_brevis,Resident,Resident
Cacatua_moluccensis,Resident,Resident
Cacatua_pastinator,Resident,Resident
Cairina_moschata,Resident,Resident
Calamornis_heudei,Short Migratory,Resident
Calandrella_cinerea,Short Migratory,Resident
Calcarius_ornatus,Long Migratory,Long Migratory
Calidris_pugnax,Long Migratory,Long Migratory
Calidris_pygmaea,Long Migratory,Long Migratory
Calidris_ruficollis,Long Migratory,Long Migratory
Calidris_tenuirostris,Long Migratory,Long Migratory
Callaeas_cinereus,Resident,Resident
Callaeas_wilsoni,Resident,Resident
Calliope_calliope,Long Migratory,Long Migratory
Callipepla_squamata,Resident,Resident
Calliphlox_amethystina,Resident,Resident
Caloenas_maculata,Resident,Resident
Caloenas_nicobarica,Short Migratory,Resident
Calonectris_borealis,Long Migratory,Long Migratory
Caloperdix_oculeus,Resident,Resident
Calypte_anna,Short Migratory,Short Migratory
Calyptomena_viridis,Resident,Resident
Calyptorhynchus_lathami,Resident,Resident
Campephilus_guatemalensis,Resident,Resident
Campephilus_imperialis,Resident,Resident
Campylorhamphus_procurvoides,Resident,Resident
Campylorhynchus_brunneicapillus,Resident,Resident
Campylorhynchus_zonatus,Resident,Resident
Capito_niger,Resident,Resident
Caracara_cheriway,Resident,Resident
Cardellina_canadensis,Long Migratory,Long Migratory
Cardinalis_cardinalis,Resident,Resident
Cariama_cristata,Resident,Resident
Carpodacus_erythrinus,Long Migratory,Long Migratory
Carpodacus_pulcherrimus,Short Migratory,Resident
Carpodacus_roseus,Long Migratory,Long Migratory
Carpodacus_rubicilloides,Resident,Short Migratory
Carpodacus_sibiricus,Short Migratory,Long Migratory
Castanozoster_thoracicus,Resident,Resident
Casuarius_bennetti,Resident,Resident
Casuarius_casuarius,Resident,Resident
Cathartes_aura,Short Migratory,Short Migratory
Catharus_fuscescens,Long Migratory,Long Migratory
Cecropis_daurica,Long Migratory,Long Migratory
Centropus_bengalensis,Resident,Resident
Centropus_unirufus,Resident,Resident
Cephalopterus_ornatus,Resident,Resident
Cepphus_grylle,Long Migratory,Long Migratory
Cercotrichas_coryphoeus,Resident,Resident
Certhia_brachydactyla,Resident,Resident
Certhia_himalayana,Resident,Short Migratory
Ceryle_rudis,Resident,Resident
Ceuthmochares_aereus,Resident,Resident
Ceyx_cyanopectus,Resident,Resident
Chaetops_frenatus,Resident,Resident
Chaetorhynchus_papuensis,Resident,Resident
Chaetura_pelagica,Long Migratory,Long Migratory
Chalcophaps_indica,Resident,Resident
Charadrius_placidus,Long Migratory,Long Migratory
Charadrius_vociferus,Long Migratory,Long Migratory
Chauna_torquata,Resident,Resident
Chionis_minor,Short Migratory,Resident
Chlamydotis_macqueenii,Resident,Long Migratory
Chloebia_gouldiae,Resident,Resident
Chlorestes_cyanus,Resident,Resident
Chloris_sinica,Resident,Long Migratory
Chloroceryle_aenea,Resident,Resident
Chlorodrepanis_flava,Resident,Resident
Chlorodrepanis_stejnegeri,Resident,Resident
Chlorodrepanis_virens,Resident,Resident
Chlorophanes_spiza,Resident,Resident
Chloropsis_cyanopogon,Resident,Resident
Chloropsis_hardwickii,Long Migratory,Long Migratory
Chordeiles_acutipennis,Short Migratory,Short Migratory
Chroicocephalus_brunnicephalus,Resident,Short Migratory
Chroicocephalus_maculipennis,Resident,Short Migratory
Chroicocephalus_saundersi,Long Migratory,Long Migratory
Chrysolampis_mosquitus,Long Migratory,Long Migratory
Chrysolophus_amherstiae,Resident,Resident
Chrysolophus_pictus,Resident,Resident
Chrysomus_icterocephalus,Short Migratory,Resident
Chrysomus_ruficapillus,Resident,Resident
Chrysuronia_versicolor,Resident,Resident
Chunga_burmeisteri,Resident,Resident
Ciconia_boyciana,Long Migratory,Long Migratory
Ciconia_ciconia,Long Migratory,Long Migratory
Ciconia_maguari,Short Migratory,Short Migratory
Ciconia_nigra,Long Migratory,Long Migratory
Cinclosoma_castanotum,Resident,Resident
Cinclosoma_clarum,Resident,Resident
Cinclosoma_punctatum,Resident,Resident
Circaetus_pectoralis,Resident,Short Migratory
Circus_cyaneus,Long Migratory,Long Migratory
Circus_melanoleucos,Long Migratory,Long Migratory
Climacteris_picumnus,Resident,Resident
Climacteris_rufus,Resident,Resident
Cnemotriccus_fuscatus,Short Migratory,Resident
Coccothraustes_coccothraustes,Short Migratory,Short Migratory
Cochlearius_cochlearius,Resident,Resident
Colinus_virginianus,Resident,Resident
Colius_striatus,Resident,Resident
Colluricincla_harmonica,Resident,Resident
Coloeus_dauuricus,Short Migratory,Resident
Columba_hodgsonii,Resident,Resident
Columba_jouyi,Resident,Resident
Columba_livia,Resident,Resident
Columba_palumbus,Resident,Short Migratory
Columba_rupestris,Resident,Short Migratory
Copsychus_saularis,Resident,Resident
Copsychus_sechellarum,Resident,Resident
Coracopsis_vasa,Resident,Resident
Cormobates_leucophaea,Resident,Resident
Corvus_brachyrhynchos,Short Migratory,Short Migratory
Corvus_corax,Short Migratory,Short Migratory
Corvus_corone,Resident,Short Migratory
Corvus_coronoides,Resident,Resident
Corvus_cryptoleucus,Resident,Short Migratory
Corvus_frugilegus,Resident,Short Migratory
Corvus_hawaiiensis,Resident,Resident
Corvus_macrorhynchos,Resident,Resident
Corvus_moneduloides,Resident,Resident
Corvus_splendens,Resident,Resident
Corythaixoides_concolor,Resident,Resident
Corythornis_leucogaster,Resident,Resident
Cossypha_semirufa,Resident,Resident
Coturnicops_exquisitus,Resident,Short Migratory
Coturnix_japonica,Long Migratory,Long Migratory
Crax_daubentoni,Resident,Resident
Crax_rubra,Resident,Resident
Crithagra_albogularis,Resident,Resident
Crithagra_dorsostriata,Resident,Resident
Crithagra_tristriata,Resident,Resident
Crossoptilon_auritum,Resident,Resident
Crossoptilon_crossoptilon,Resident,Resident
Crotophaga_ani,Resident,Resident
Crotophaga_sulcirostris,Resident,Short Migratory
Crypturellus_cinnamomeus,Resident,Resident
Crypturellus_soui,Resident,Resident
Crypturellus_tataupa,Resident,Resident
Crypturellus_undulatus,Resident,Resident
Cuculus_canorus,Long Migratory,Long Migratory
Cuculus_poliocephalus,Long Migratory,Long Migratory
Culicicapa_ceylonensis,Resident,Short Migratory
Curaeus_curaeus,Short Migratory,Short Migratory
Curruca_crassirostris,Long Migratory,Long Migratory
Curruca_curruca,Long Migratory,Long Migratory
Cyanistes_cyanus,Short Migratory,Resident
Cyanoderma_ruficeps,Resident,Resident
Cyanopica_cyanus,Resident,Resident
Cyanoptila_cyanomelana,Long Migratory,Long Migratory
Cygnus_atratus,Short Migratory,Resident
Cygnus_cygnus,Long Migratory,Long Migratory
Cygnus_olor,Long Migratory,Long Migratory
Cypseloides_fumigatus,Long Migratory,Long Migratory
Dacelo_novaeguineae,Resident,Resident
Daption_capense,Short Migratory,Resident
Dasyornis_broadbenti,Resident,Resident
Delichon_urbicum,Long Migratory,Long Migratory
Dendrocitta_formosae,Resident,Resident
Dendrocopos_darjellensis,Resident,Resident
Dendrocopos_leucotos,Resident,Short Migratory
Dendrocopos_major,Resident,Resident
Dendrocygna_javanica,Short Migratory,Short Migratory
Deroptyus_accipitrinus,Resident,Resident
Dicaeum_eximium,Resident,Resident
Dicrurus_hottentottus,Resident,Resident
Dicrurus_megarhynchus,Resident,Resident
Didunculus_strigirostris,Resident,Resident
Diopsittaca_nobilis,Resident,Resident
Dives_dives,Resident,Resident
Donacobius_atricapilla,Resident,Resident
Drepanis_coccinea,Resident,Resident
Dromaius_novaehollandiae,Resident,Short Migratory
Dromas_ardeola,Resident,Short Migratory
Drymodes_brunneopygia,Resident,Resident
Dryobates_pubescens,Resident,Resident
Dryocopus_pileatus,Resident,Resident
Dryoscopus_gambensis,Resident,Resident
Eclectus_roratus,Resident,Resident
Ectopistes_migratorius,Short Migratory,Resident
Edolisoma_coerulescens,Resident,Resident
Egretta_eulophotes,Long Migratory,Long Migratory
Egretta_garzetta,Short Migratory,Short Migratory
Egretta_novaehollandiae,Resident,Short Migratory
Egretta_sacra,Short Migratory,Resident
Emberiza_aureola,Long Migratory,Long Migratory
Emberiza_chrysophrys,Long Migratory,Long Migratory
Emberiza_cioides,Short Migratory,Resident
Emberiza_elegans,Short Migratory,Short Migratory
Emberiza_fucata,Long Migratory,Long Migratory
Emberiza_jankowskii,Short Migratory,Short Migratory
Emberiza_lathami,Short Migratory,Short Migratory
Emberiza_leucocephalos,Long Migratory,Long Migratory
Emberiza_pusilla,Long Migratory,Long Migratory
Emberiza_rustica,Long Migratory,Long Migratory
Emberiza_siemsseni,Long Migratory,Long Migratory
Emberiza_spodocephala,Long Migratory,Long Migratory
Emberiza_sulphurata,Long Migratory,Long Migratory
Emberiza_tristrami,Long Migratory,Long Migratory
Eolophus_roseicapilla,Resident,Resident
Eophona_migratoria,Resident,Long Migratory
Eophona_personata,Resident,Short Migratory
Eopsaltria_australis,Resident,Resident
Eopsaltria_griseogularis,Resident,Resident
Epthianura_albifrons,Resident,Resident
Eremophila_alpestris,Long Migratory,Long Migratory
Erpornis_zantholeuca,Resident,Resident
Erythrocercus_mccallii,Resident,Resident
Erythrogenys_gravivox,Resident,Resident
Eubucco_bourcierii,Resident,Resident
Eudocimus_ruber,Short Migratory,Resident
Eudromia_elegans,Resident,Resident
Eudyptes_chrysocome,Short Migratory,Short Migratory
Eudyptes_moseleyi,Short Migratory,Short Migratory
Eudyptes_pachyrhynchus,Short Migratory,Short Migratory
Eudyptes_schlegeli,Short Migratory,Short Migratory
Eudyptes_sclateri,Short Migratory,Short Migratory
Eudyptula_minor,Short Migratory,Short Migratory
Eulabeornis_castaneoventris,Resident,Resident
Eulacestoma_nigropectus,Resident,Resident
Euphagus_cyanocephalus,Short Migratory,Long Migratory
Eupsittula_pertinax,Resident,Resident
Eurypyga_helias,Resident,Resident
Eurystomus_gularis,Resident,Resident
Eurystomus_orientalis,Long Migratory,Long Migratory
Excalfactoria_adansonii,Resident,Resident
Falco_amurensis,Long Migratory,Long Migratory
Falco_columbarius,Long Migratory,Long Migratory
Falco_naumanni,Long Migratory,Long Migratory
Falco_peregrinus,Short Migratory,Long Migratory
Falco_rusticolus,Long Migratory,Long Migratory
Falco_sparverius,Long Migratory,Long Migratory
Falco_tinnunculus,Long Migratory,Long Migratory
Falcunculus_frontatus,Resident,Resident
Ficedula_albicilla,Long Migratory,Long Migratory
Ficedula_albicollis,Long Migratory,Long Migratory
Ficedula_zanthopygia,Long Migratory,Long Migratory
Florisuga_fusca,Resident,Resident
Florisuga_mellivora,Resident,Resident
Formicarius_rufipectus,Resident,Resident
Forpus_modestus,Resident,Resident
Forpus_passerinus,Resident,Resident
Francolinus_pintadeanus,Resident,Resident
Fregata_magnificens,Long Migratory,Long Migratory
Fregetta_grallaria,Long Migratory,Long Migratory
Fringilla_coelebs,Short Migratory,Short Migratory
Fringilla_montifringilla,Long Migratory,Long Migratory
Fringilla_polatzeki,Resident,Resident
Fringilla_teydea,Resident,Resident
Fulica_atra,Resident,Short Migratory
Fulmarus_glacialis,Long Migratory,Long Migratory
Fulvetta_ruficapilla,Resident,Resident
Fulvetta_vinipectus,Resident,Resident
Furnarius_figulus,Resident,Resident
Galbula_albirostris,Resident,Resident
Galbula_dea,Resident,Resident
Gallicolumba_luzonica,Resident,Resident
Gallicrex_cinerea,Short Migratory,Short Migratory
Gallinago_stenura,Long Migratory,Long Migratory
Gallinula_chloropus,Resident,Short Migratory
Gallirallus_australis,Resident,Resident
Gallus_gallus,Resident,Short Migratory
Gallus_lafayettii,Resident,Resident
Gallus_sonneratii,Resident,Resident
Gallus_varius,Resident,Resident
Garrulax_canorus,Resident,Resident
Garrulus_glandarius,Short Migratory,Resident
Gavia_arctica,Long Migratory,Long Migratory
Gavia_pacifica,Long Migratory,Long Migratory
Gavia_stellata,Long Migratory,Long Migratory
Gelochelidon_nilotica,Long Migratory,Long Migratory
Geobiastes_squamiger,Resident,Resident
Geococcyx_californianus,Resident,Resident
Geokichla_sibirica,Long Migratory,Long Migratory
Geopelia_cuneata,Resident,Resident
Geopelia_striata,Resident,Resident
Geospiza_magnirostris,Resident,Resident
Geothlypis_tolmiei,Long Migratory,Long Migratory
Geotrygon_violacea,Resident,Resident
Gerygone_igata,Resident,Resident
Glareola_pratincola,Long Migratory,Long Migratory
Glaucidium_brasilianum,Resident,Resident
Glaucidium_brodiei,Resident,Resident
Glaucidium_cuculoides,Resident,Resident
Glaucis_hirsutus,Resident,Resident
Gnorimopsar_chopi,Resident,Resident
Gorsachius_goisagi,Long Migratory,Long Migratory
Gorsachius_magnificus,Resident,Resident
Gorsachius_melanolophus,Short Migratory,Short Migratory
Goura_cristata,Resident,Resident
Goura_scheepmakeri,Resident,Resident
Goura_sclaterii,Resident,Resident
Goura_victoria,Resident,Resident
Gracula_religiosa,Resident,Resident
Gracupica_nigricollis,Resident,Resident
Grallaria_varia,Resident,Resident
Grantiella_picta,Long Migratory,Long Migratory
Grus_americana,Long Migratory,Long Migratory
Grus_carunculata,Resident,Resident
Grus_grus,Long Migratory,Long Migratory
Grus_japonensis,Long Migratory,Long Migratory
Grus_monacha,Long Migratory,Long Migratory
Grus_nigricollis,Long Migratory,Long Migratory
Grus_paradisea,Resident,Resident
Grus_virgo,Long Migratory,Long Migratory
Guaruba_guarouba,Resident,Resident
Gymnomystax_mexicanus,Resident,Resident
Gymnorhina_tibicen,Resident,Resident
Gyps_coprotheres,Resident,Short Migratory
Haematopus_ater,Resident,Short Migratory
Haematopus_ostralegus,Resident,Short Migratory
Haematortyx_sanguiniceps,Resident,Resident
Haemorhous_cassinii,Resident,Short Migratory
Haemorhous_mexicanus,Short Migratory,Resident
Halcyon_coromanda,Long Migratory,Long Migratory
Halcyon_pileata,Short Migratory,Short Migratory
Halcyon_senegalensis,Resident,Resident
Halcyon_smyrnensis,Short Migratory,Resident
Haliaeetus_albicilla,Short Migratory,Long Migratory
Haliaeetus_leucocephalus,Long Migratory,Long Migratory
Heliodoxa_aurescens,Resident,Resident
Helopsaltes_ochotensis,Long Migratory,Long Migratory
Helopsaltes_pryeri,Long Migratory,Long Migratory
Hemiphaga_novaeseelandiae,Resident,Resident
Hemiprocne_comata,Resident,Resident
Henicorhina_leucosticta,Resident,Resident
Herpetotheres_cachinnans,Resident,Resident
Hesperiphona_vespertina,Short Migratory,Short Migratory
Heteralocha_acutirostris,Resident,Resident
Heterophasia_melanoleuca,Resident,Resident
Himantopus_himantopus,Short Migratory,Long Migratory
Himatione_sanguinea,Resident,Resident
Hippolais_icterina,Long Migratory,Long Migratory
Hirundo_aethiopica,Resident,Resident
Hirundo_albigularis,Long Migratory,Long Migratory
Hirundo_angolensis,Resident,Resident
Hirundo_atrocaerulea,Long Migratory,Long Migratory
Hirundo_dimidiata,Resident,Resident
Hirundo_neoxena,Long Migratory,Long Migratory
Hirundo_nigrita,Resident,Resident
Hirundo_rustica,Long Migratory,Long Migratory
Hirundo_smithii,Short Migratory,Resident
Hirundo_tahitica,Short Migratory,Resident
Horornis_fortipes,Short Migratory,Short Migratory
Horornis_vulcanius,Resident,Resident
Hydrophasianus_chirurgus,Short Migratory,Short Migratory
Hydroprogne_caspia,Long Migratory,Long Migratory
Hylia_prasina,Resident,Resident
Hyliota_flavigaster,Resident,Resident
Hypocryptadius_cinnamomeus,Resident,Resident
Hypotaenidia_okinawae,Resident,Resident
Hypotaenidia_philippensis,Resident,Resident
Ianthocincla_cineracea,Resident,Resident
Ianthocincla_ocellata,Resident,Resident
Ibidorhyncha_struthersii,Short Migratory,Short Migratory
Ichthyaetus_relictus,Long Migratory,Long Migratory
Icterus_bullockii,Long Migratory,Long Migratory
Icterus_mesomelas,Resident,Resident
Ifrita_kowaldi,Resident,Resident
Illadopsis_cleaveri,Resident,Resident
Indicator_maculatus,Resident,Resident
Indicator_xanthonotus,Resident,Resident
Irena_cyanogastra,Resident,Resident
Ixobrychus_cinnamomeus,Resident,Long Migratory
Ixobrychus_eurhythmus,Long Migratory,Long Migratory
Ixobrychus_flavicollis,Resident,Short Migratory
Ixobrychus_sinensis,Long Migratory,Long Migratory
Ixos_mcclellandii,Resident,Resident
Jacana_jacana,Resident,Resident
Jacana_spinosa,Resident,Resident
Junco_hyemalis,Long Migratory,Long Migratory
Jynx_ruficollis,Resident,Resident
Lagopus_lagopus,Resident,Short Migratory
Lagopus_muta,Resident,Short Migratory
Lalage_tricolor,Resident,Resident
Lanius_cristatus,Long Migratory,Long Migratory
Lanius_excubitor,Long Migratory,Long Migratory
Lanius_isabellinus,Long Migratory,Long Migratory
Lanius_ludovicianus,Long Migratory,Long Migratory
Lanius_schach,Short Migratory,Resident
Lanius_sphenocercus,Short Migratory,Short Migratory
Lanius_tigrinus,Long Migratory,Long Migratory
Larus_argentatus,Short Migratory,Short Migratory
Larus_canus,Long Migratory,Long Migratory
Larus_crassirostris,Short Migratory,Short Migratory
Larus_smithsonianus,Short Migratory,Long Migratory
Laterallus_rogersi,Resident,Resident
Leiothlypis_celata,Long Migratory,Long Migratory
Leiothrix_argentauris,Resident,Resident
Leiothrix_lutea,Resident,Resident
Lepidocolaptes_angustirostris,Resident,Resident
Lepidothrix_coronata,Resident,Resident
Leptocoma_aspasia,Resident,Resident
Leptotila_verreauxi,Resident,Resident
Leucocarbo_chalconotus,Short Migratory,Resident
Leucogeranus_leucogeranus,Long Migratory,Long Migratory
Leucopsar_rothschildi,Resident,Resident
Leucosticte_arctoa,Short Migratory,Short Migratory
Leucosticte_brandti,Short Migratory,Short Migratory
Lewinia_muelleri,Resident,Resident
Lewinia_striata,Resident,Short Migratory
Limosa_lapponica,Long Migratory,Long Migratory
Liocichla_omeiensis,Short Migratory,Resident
Locustella_castanea,Short Migratory,Resident
Lonchura_flaviprymna,Resident,Resident
Lonchura_leucosticta,Resident,Resident
Lonchura_oryzivora,Resident,Resident
Lonchura_punctulata,Resident,Resident
Lonchura_striata,Resident,Resident
Lophoceros_camurus,Resident,Resident
Lophophanes_dichrous,Resident,Resident
Lophophorus_impejanus,Resident,Resident
Lophophorus_lhuysii,Resident,Resident
Lophophorus_sclateri,Resident,Resident
Lophornis_magnificus,Resident,Resident
Lophotis_ruficrista,Resident,Resident
Lophura_edwardsi,Resident,Resident
Lophura_ignita,Resident,Resident
Lophura_nycthemera,Resident,Resident
Lophura_swinhoii,Resident,Resident
Lorius_chlorocercus,Resident,Resident
Loxia_curvirostra,Short Migratory,Short Migratory
Loxia_leucoptera,Long Migratory,Long Migratory
Loxops_caeruleirostris,Resident,Resident
Loxops_coccineus,Resident,Resident
Loxops_mana,Resident,Resident
Luscinia_svecica,Long Migratory,Long Migratory
Lyrurus_tetrix,Resident,Resident
Machaerirhynchus_nigripectus,Resident,Resident
Machlolophus_spilonotus,Resident,Resident
Macroagelaius_imthurni,Resident,Resident
Macronectes_giganteus,Short Migratory,Resident
Magumma_parva,Resident,Resident
Malacoptila_fusca,Resident,Resident
Malurus_elegans,Resident,Resident
Malurus_melanocephalus,Resident,Resident
Manorina_melanocephala,Resident,Resident
Mareca_falcata,Long Migratory,Long Migratory
Mareca_penelope,Long Migratory,Long Migratory
Mareca_strepera,Short Migratory,Long Migratory
Megaceryle_lugubris,Resident,Resident
Megadyptes_antipodes,Resident,Resident
Melaenornis_chocolatinus,Resident,Resident
Melamprosops_phaeosoma,Resident,Resident
Melanocharis_versteri,Resident,Resident
Melanocorypha_mongolica,Short Migratory,Short Migratory
Meleagris_gallopavo,Resident,Resident
Meleagris_ocellata,Resident,Resident
Melopsittacus_undulatus,Short Migratory,Resident
Melospiza_melodia,Short Migratory,Long Migratory
Menura_novaehollandiae,Resident,Resident
Mergus_merganser,Long Migratory,Long Migratory
Merops_nubicus,Short Migratory,Short Migratory
Merops_viridis,Resident,Resident
Mesembrinibis_cayennensis,Resident,Resident
Mesitornis_unicolor,Resident,Resident
Micrastur_gilvicollis,Resident,Resident
Microspingus_cabanisi,Resident,Resident
Milvus_migrans,Long Migratory,Long Migratory
Milvus_milvus,Short Migratory,Long Migratory
Minla_ignotincta,Resident,Resident
Mionectes_macconnelli,Resident,Resident
Mionectes_oleagineus,Resident,Resident
Moho_braccatus,Resident,Resident
Molothrus_aeneus,Resident,Resident
Momotus_momota,Resident,Resident
Monticola_gularis,Long Migratory,Long Migratory
Montifringilla_adamsi,Short Migratory,Resident
Montifringilla_henrici,Short Migratory,Resident
Morus_serrator,Short Migratory,Short Migratory
Motacilla_alba,Long Migratory,Long Migratory
Motacilla_cinerea,Short Migratory,Short Migratory
Motacilla_tschutschensis,Long Migratory,Long Migratory
Muscicapa_dauurica,Long Migratory,Long Migratory
Muscicapa_griseisticta,Long Migratory,Long Migratory
Muscicapa_sibirica,Long Migratory,Long Migratory
Myadestes_myadestinus,Resident,Resident
Myiagra_hebetior,Resident,Resident
Myiopsitta_monachus,Resident,Resident
Mystacornis_crossleyi,Resident,Resident
Myzornis_pyrrhoura,Resident,Resident
Napothera_epilepidota,Resident,Resident
Neodrepanis_coruscans,Resident,Resident
Neophema_chrysogaster,Resident,Short Migratory
Neopipo_cinnamomea,Resident,Resident
Nesopsar_nigerrimus,Short Migratory,Resident
Nesoptilotis_leucotis,Resident,Resident
Nesospiza_acunhae,Resident,Resident
Nestor_notabilis,Resident,Resident
Netta_rufina,Short Migratory,Short Migratory
Niltava_davidi,Long Migratory,Long Migratory
Ninox_novaeseelandiae,Short Migratory,Resident
Ninox_scutulata,Long Migratory,Long Migratory
Ninox_strenua,Short Migratory,Resident
Nipponia_nippon,Resident,Resident
Nisaetus_alboniger,Resident,Resident
Nisaetus_nipalensis,Resident,Resident
Nothocercus_julius,Resident,Resident
Nothocercus_nigrocapillus,Resident,Resident
Nothoprocta_pentlandii,Resident,Resident
Nothoprocta_perdicaria,Resident,Resident
Notiomystis_cincta,Resident,Resident
Nucifraga_caryocatactes,Short Migratory,Resident
Nucifraga_columbiana,Short Migratory,Resident
Numenius_phaeopus,Long Migratory,Long Migratory
Numenius_tenuirostris,Long Migratory,Long Migratory
Numida_meleagris,Resident,Resident
Nyctibius_bracteatus,Resident,Resident
Nyctibius_grandis,Resident,Resident
Nyctibius_griseus,Resident,Resident
Nycticorax_nycticorax,Long Migratory,Long Migratory
Nycticryphes_semicollaris,Short Migratory,Resident
Nyctiprogne_leucopyga,Resident,Resident
Nyctyornis_amictus,Resident,Resident
Nymphicus_hollandicus,Short Migratory,Resident
Oceanites_oceanicus,Long Migratory,Long Migratory
Oceanodroma_castro,Long Migratory,Long Migratory
Oceanodroma_tethys,Long Migratory,Long Migratory
Odontophorus_gujanensis,Resident,Resident
Oedistoma_iliolophus,Resident,Resident
Oenanthe_isabellina,Long Migratory,Long Migratory
Oenanthe_oenanthe,Long Migratory,Long Migratory
Onychorhynchus_coronatus,Short Migratory,Resident
Onychostruthus_taczanowskii,Short Migratory,Resident
Oreocharis_arfaki,Resident,Resident
Oreomystis_bairdi,Resident,Resident
Oreopsar_bolivianus,Resident,Resident
Oreotrochilus_melanogaster,Resident,Resident
Origma_solitaria,Resident,Resident
Oriolus_chinensis,Short Migratory,Short Migratory
Oriolus_oriolus,Long Migratory,Long Migratory
Orthonyx_spaldingii,Resident,Resident
Orthopsittaca_manilatus,Short Migratory,Resident
Otidiphaps_nobilis,Short Migratory,Resident
Otis_tarda,Short Migratory,Long Migratory
Otus_sunia,Resident,Short Migratory
Oxylabes_madagascariensis,Resident,Resident
Oxyruncus_cristatus,Resident,Resident
Pachycephala_melanura,Resident,Resident
Pachycephala_occidentalis,Resident,Resident
Pachycephala_philippinensis,Resident,Resident
Pachyramphus_minor,Short Migratory,Resident
Pagodroma_nivea,Short Migratory,Resident
Pampusana_beccarii,Resident,Resident
Pampusana_salamonis,Resident,Resident
Pandion_haliaetus,Long Migratory,Long Migratory
Panurus_biarmicus,Short Migratory,Short Migratory
Paradisaea_raggiana,Resident,Resident
Parayuhina_diademata,Resident,Resident
Pardaliparus_venustulus,Resident,Short Migratory
Pardalotus_punctatus,Resident,Resident
Pardalotus_striatus,Resident,Short Migratory
Paroreomyza_montana,Resident,Resident
Parus_major,Resident,Resident
Parus_minor,Resident,Resident
Parus_monticolus,Resident,Resident
Passer_domesticus,Resident,Short Migratory
Passer_montanus,Resident,Short Migratory
Passerina_amoena,Long Migratory,Long Migratory
Patagioenas_fasciata,Resident,Short Migratory
Pavo_cristatus,Resident,Resident
Pavo_muticus,Resident,Resident
Pelagodroma_marina,Long Migratory,Long Migratory
Pelecanoides_urinatrix,Short Migratory,Resident
Pelecanus_conspicillatus,Resident,Short Migratory
Pelecanus_crispus,Short Migratory,Long Migratory
Penelopides_panini,Resident,Resident
Perdix_dauurica,Resident,Resident
Perdix_hodgsoniae,Short Migratory,Resident
Perdix_perdix,Resident,Resident
Pericrocotus_ethologus,Long Migratory,Long Migratory
Periparus_ater,Resident,Short Migratory
Petroica_australis,Short Migratory,Resident
Petroica_boodang,Resident,Short Migratory
Petroica_goodenovii,Resident,Resident
Petroica_macrocephala,Resident,Resident
Petroica_multicolor,Resident,Resident
Petroica_phoenicea,Long Migratory,Long Migratory
Petronia_petronia,Resident,Short Migratory
Pezophaps_solitaria,Resident,Resident
Phaethon_lepturus,Long Migratory,Long Migratory
Phaethon_rubricauda,Long Migratory,Long Migratory
Phaethornis_malaris,Resident,Resident
Phainopepla_nitens,Resident,Short Migratory
Phalacrocorax_auritus,Short Migratory,Long Migratory
Phalacrocorax_brasilianus,Resident,Short Migratory
Phalacrocorax_carbo,Short Migratory,Short Migratory
Phalacrocorax_pelagicus,Resident,Long Migratory
Phalaropus_lobatus,Long Migratory,Long Migratory
Phalcoboenus_australis,Short Migratory,Resident
Pharomachrus_auriceps,Resident,Resident
Phasianus_colchicus,Resident,Resident
Phasianus_versicolor,Resident,Resident
Pheucticus_melanocephalus,Long Migratory,Long Migratory
Philesturnus_carunculatus,Resident,Resident
Phodilus_badius,Resident,Resident
Phoebastria_albatrus,Short Migratory,Resident
Phoebastria_immutabilis,Short Migratory,Resident
Phoebastria_nigripes,Short Migratory,Resident
Phoeniculus_purpureus,Resident,Resident
Phoenicurus_auroreus,Long Migratory,Long Migratory
Phoenicurus_phoenicurus,Long Migratory,Long Migratory
Phylloscopus_borealis,Long Migratory,Long Migratory
Phylloscopus_borealoides,Long Migratory,Long Migratory
Phylloscopus_burkii,Long Migratory,Long Migratory
Phylloscopus_coronatus,Long Migratory,Long Migratory
Phylloscopus_examinandus,Long Migratory,Long Migratory
Phylloscopus_fuscatus,Long Migratory,Long Migratory
Phylloscopus_inornatus,Long Migratory,Long Migratory
Phylloscopus_occisinensis,Long Migratory,Long Migratory
Phylloscopus_proregulus,Long Migratory,Long Migratory
Phylloscopus_sibilatrix,Long Migratory,Long Migratory
Phylloscopus_tenellipes,Long Migratory,Long Migratory
Piaya_cayana,Resident,Resident
Pica_pica,Resident,Resident
Picathartes_gymnocephalus,Resident,Resident
Picumnus_innominatus,Resident,Resident
Picus_canus,Resident,Resident
Pinguinus_impennis,Short Migratory,Resident
Pinicola_enucleator,Short Migratory,Short Migratory
Pionites_leucogaster,Resident,Resident
Pionus_chalcopterus,Resident,Resident
Pionus_menstruus,Resident,Resident
Pipile_pipile,Resident,Resident
Pipilo_maculatus,Short Migratory,Long Migratory
Piprites_chloris,Resident,Resident
Piranga_bidentata,Short Migratory,Resident
Piranga_erythrocephala,Short Migratory,Resident
Piranga_flava,Short Migratory,Resident
Piranga_hepatica,Short Migratory,Short Migratory
Piranga_leucoptera,Resident,Resident
Piranga_ludoviciana,Long Migratory,Long Migratory
Piranga_lutea,Resident,Resident
Piranga_olivacea,Long Migratory,Long Migratory
Piranga_roseogularis,Resident,Resident
Piranga_rubra,Long Migratory,Long Migratory
Piranga_rubriceps,Resident,Resident
Pitta_nympha,Long Migratory,Long Migratory
Pitta_sordida,Long Migratory,Long Migratory
Platalea_leucorodia,Short Migratory,Short Migratory
Platalea_minor,Short Migratory,Long Migratory
Platysteira_castanea,Resident,Resident
Ploceus_nigricollis,Resident,Resident
Pluvialis_apricaria,Long Migratory,Long Migratory
Podargus_ocellatus,Resident,Resident
Podargus_papuensis,Resident,Resident
Podargus_strigoides,Resident,Resident
Podoces_hendersoni,Short Migratory,Resident
Poecile_atricapillus,Resident,Resident
Poecile_montanus,Resident,Resident
Poecile_palustris,Resident,Resident
Pogoniulus_bilineatus,Resident,Resident
Poicephalus_gulielmi,Resident,Resident
Poicephalus_senegalus,Resident,Resident
Polioptila_caerulea,Long Migratory,Long Migratory
Polyplectron_bicalcaratum,Resident,Resident
Polyplectron_germaini,Resident,Resident
Polyplectron_malacense,Resident,Resident
Polyplectron_napoleonis,Resident,Resident
Pomatorhinus_ruficollis,Resident,Resident
Pomatostomus_ruficeps,Short Migratory,Resident
Poodytes_punctatus,Resident,Resident
Porphyrio_hochstetteri,Resident,Resident
Porphyrio_porphyrio,Resident,Resident
Primolius_couloni,Resident,Resident
Primolius_maracana,Resident,Resident
Prioniturus_luconensis,Resident,Resident
Probosciger_aterrimus,Resident,Resident
Prodotiscus_insignis,Resident,Resident
Progne_chalybea,Resident,Resident
Prosthemadera_novaeseelandiae,Resident,Resident
Prunella_fulvescens,Short Migratory,Resident
Prunella_himalayana,Short Migratory,Short Migratory
Prunella_montanella,Long Migratory,Long Migratory
Prunella_strophiata,Short Migratory,Resident
Psephotellus_pulcherrimus,Resident,Resident
Pseudoleistes_guirahuro,Short Migratory,Resident
Pseudoleistes_virescens,Short Migratory,Short Migratory
Pseudonestor_xanthophrys,Resident,Resident
Pseudopodoces_humilis,Short Migratory,Resident
Psilopogon_haemacephalus,Resident,Resident
Psilopogon_virens,Resident,Resident
Psittacara_brevipes,Resident,Resident
Psittacara_leucophthalmus,Resident,Resident
Psittacara_mitratus,Resident,Resident
Psittacara_rubritorquis,Resident,Resident
Psittacula_alexandri,Resident,Resident
Psittacula_eupatria,Resident,Resident
Psittacula_krameri,Resident,Resident
Psittacula_roseata,Resident,Resident
Psittacus_erithacus,Resident,Resident
Psittiparus_gularis,Resident,Resident
Psittirostra_psittacea,Short Migratory,Resident
Psittrichas_fulgidus,Resident,Resident
Psophia_crepitans,Resident,Resident
Pterocles_burchelli,Resident,Resident
Pterocles_gutturalis,Short Migratory,Resident
Pteroglossus_azara,Resident,Resident
Pterorhinus_albogularis,Resident,Resident
Pterorhinus_lanceolatus,Resident,Resident
Pterorhinus_perspicillatus,Resident,Resident
Pterorhinus_poecilorhynchus,Resident,Resident
Pterorhinus_sannio,Resident,Resident
Pteruthius_melanotis,Resident,Resident
Ptilonorhynchus_violaceus,Resident,Resident
Ptilopachus_petrosus,Resident,Resident
Ptilorrhoa_caerulescens,Resident,Resident
Ptilorrhoa_leucosticta,Resident,Resident
Ptilotula_penicillata,Resident,Resident
Pucrasia_macrolopha,Resident,Resident
Pycnonotus_jocosus,Resident,Resident
Pycnonotus_sinensis,Long Migratory,Long Migratory
Pycnonotus_xanthorrhous,Resident,Resident
Pygoscelis_adeliae,Short Migratory,Short Migratory
Pygoscelis_antarcticus,Short Migratory,Short Migratory
Pygoscelis_papua,Short Migratory,Short Migratory
Pyrgilauda_blanfordi,Short Migratory,Short Migratory
Pyrgilauda_davidiana,Short Migratory,Resident
Pyrgilauda_ruficollis,Short Migratory,Resident
Pyrrhocorax_graculus,Short Migratory,Resident
Pyrrhocorax_pyrrhocorax,Short Migratory,Resident
Pyrrhula_pyrrhula,Resident,Short Migratory
Pyrrhura_rupicola,Resident,Resident
Quiscalus_mexicanus,Resident,Resident
Quiscalus_quiscula,Short Migratory,Short Migratory
Quoyornis_georgianus,Resident,Resident
Rallina_eurizonoides,Resident,Long Migratory
Rallus_aquaticus,Short Migratory,Short Migratory
Ramphastos_sulfuratus,Resident,Resident
Raphus_cucullatus,Resident,Resident
Recurvirostra_avosetta,Short Migratory,Long Migratory
Regulus_calendula,Long Migratory,Long Migratory
Regulus_regulus,Long Migratory,Long Migratory
Regulus_satrapa,Long Migratory,Long Migratory
Remiz_consobrinus,Long Migratory,Long Migratory
Rhabdornis_inornatus,Resident,Resident
Rhabdotorrhinus_corrugatus,Resident,Resident
Rhabdotorrhinus_waldeni,Resident,Resident
Rhagologus_leucostigma,Resident,Resident
Rhea_americana,Resident,Resident
Rhea_pennata,Resident,Resident
Rhegmatorhina_hoffmannsi,Resident,Resident
Rhinopomastus_cyanomelas,Resident,Resident
Rhinoptilus_africanus,Resident,Resident
Rhipidura_dahli,Resident,Resident
Rhipidura_fuliginosa,Resident,Resident
Rhynchopsitta_terrisi,Resident,Short Migratory
Rhynchortyx_cinctus,Resident,Resident
Rhynochetos_jubatus,Resident,Resident
Rhyticeros_undulatus,Resident,Resident
Rigidipenna_inexpectata,Resident,Resident
Rissa_tridactyla,Short Migratory,Long Migratory
Rostratula_benghalensis,Short Migratory,Resident
Rubigula_flaviventris,Resident,Resident
Rupicola_peruvianus,Resident,Resident
Rynchops_niger,Short Migratory,Short Migratory
Sagittarius_serpentarius,Short Migratory,Resident
Sakesphorus_luctuosus,Resident,Resident
Saltator_similis,Resident,Resident
Sapayoa_aenigma,Resident,Resident
Sarothrura_rufa,Resident,Resident
Sasia_ochracea,Resident,Resident
Saxicola_maurus,Short Migratory,Resident
Sceloglaux_albifacies,Resident,Resident
Sclerurus_mexicanus,Resident,Resident
Scolopax_rusticola,Long Migratory,Long Migratory
Scopus_umbretta,Short Migratory,Resident
Scytalopus_magellanicus,Resident,Resident
Scytalopus_superciliaris,Resident,Resident
Semnornis_frantzii,Resident,Resident
Serilophus_lunatus,Resident,Resident
Serinus_canaria,Resident,Resident
Setophaga_coronata,Long Migratory,Long Migratory
Setophaga_kirtlandii,Long Migratory,Long Migratory
Sibirionetta_formosa,Long Migratory,Long Migratory
Sicalis_olivascens,Resident,Resident
Sinosuthora_webbiana,Resident,Resident
Sitta_carolinensis,Resident,Short Migratory
Sitta_europaea,Resident,Resident
Sitta_himalayensis,Resident,Resident
Sitta_nagaensis,Resident,Resident
Sitta_villosa,Resident,Resident
Smicrornis_brevirostris,Resident,Resident
Smithornis_sharpei,Resident,Resident
Somateria_mollissima,Short Migratory,Long Migratory
Spatula_clypeata,Long Migratory,Long Migratory
Spheniscus_demersus,Short Migratory,Resident
Spheniscus_magellanicus,Short Migratory,Short Migratory
Spheniscus_mendiculus,Short Migratory,Short Migratory
Spilopelia_chinensis,Resident,Resident
Spilornis_cheela,Resident,Short Migratory
Spinus_pinus,Resident,Short Migratory
Spinus_psaltria,Resident,Short Migratory
Spinus_spinus,Resident,Short Migratory
Spinus_tristis,Resident,Short Migratory
Spizaetus_tyrannus,Resident,Resident
Spizella_atrogularis,Short Migratory,Long Migratory
Spizella_passerina,Long Migratory,Long Migratory
Spizixos_semitorques,Resident,Resident
Spodiopsar_cineraceus,Resident,Long Migratory
Spodiopsar_sericeus,Short Migratory,Short Migratory
Sporophila_angolensis,Resident,Resident
Sporophila_hypoxantha,Short Migratory,Short Migratory
Sporophila_maximiliani,Short Migratory,Resident
Steatornis_caripensis,Resident,Resident
Stercorarius_maccormicki,Long Migratory,Long Migratory
Stercorarius_parasiticus,Long Migratory,Long Migratory
Sterna_hirundo,Long Migratory,Long Migratory
Sterna_paradisaea,Long Migratory,Long Migratory
Sternula_albifrons,Long Migratory,Long Migratory
Sterrhoptilus_dennistouni,Resident,Resident
Streptopelia_decaocto,Resident,Resident
Streptopelia_orientalis,Long Migratory,Long Migratory
Strigops_habroptila,Resident,Resident
Strix_aluco,Resident,Resident
Strix_leptogrammica,Resident,Resident
Strix_nigrolineata,Resident,Resident
Strix_occidentalis,Resident,Resident
Strix_uralensis,Resident,Resident
Strix_varia,Resident,Resident
Struthio_camelus,Resident,Resident
Sturnella_neglecta,Short Migratory,Short Migratory
Sturnus_vulgaris,Short Migratory,Short Migratory
Sula_dactylatra,Short Migratory,Short Migratory
Suthora_fulvifrons,Resident,Resident
Suthora_nipalensis,Resident,Resident
Sylvia_atricapilla,Long Migratory,Long Migratory
Sylvia_borin,Long Migratory,Long Migratory
Sylvia_galinieri,Resident,Resident
Sylviparus_modestus,Resident,Resident
Synthliboramphus_antiquus,Long Migratory,Long Migratory
Synthliboramphus_wumizusume,Long Migratory,Long Migratory
Syrmaticus_humiae,Resident,Resident
Syrmaticus_reevesii,Resident,Resident
Syrmaticus_soemmerringii,Resident,Resident
Syrrhaptes_paradoxus,Short Migratory,Short Migratory
Tachuris_rubrigastra,Resident,Short Migratory
Tachycineta_albilinea,Resident,Resident
Tachycineta_albiventer,Resident,Resident
Tachycineta_bicolor,Long Migratory,Long Migratory
Tachycineta_cyaneoviridis,Resident,Resident
Tachycineta_euchrysea,Resident,Resident
Tachycineta_leucopyga,Long Migratory,Long Migratory
Tachycineta_leucorrhoa,Long Migratory,Long Migratory
Tachycineta_stolzmanni,Resident,Resident
Tachycineta_thalassina,Long Migratory,Long Migratory
Tadorna_ferruginea,Short Migratory,Short Migratory
Tadorna_tadorna,Short Migratory,Short Migratory
Taeniopygia_guttata,Short Migratory,Resident
Tanygnathus_lucionensis,Resident,Resident
Tarsiger_cyanurus,Long Migratory,Long Migratory
Terpsiphone_atrocaudata,Long Migratory,Long Migratory
Terpsiphone_paradisi,Short Migratory,Short Migratory
Tetrao_urogalloides,Resident,Resident
Tetrao_urogallus,Resident,Resident
Tetraogallus_himalayensis,Resident,Resident
Tetraogallus_tibetanus,Resident,Resident
Tetraophasis_obscurus,Resident,Resident
Tetraophasis_szechenyii,Resident,Resident
Tetrastes_bonasia,Resident,Resident
Tetrastes_sewerzowi,Resident,Resident
Thalassarche_chlororhynchos,Short Migratory,Resident
Thalassarche_melanophris,Short Migratory,Resident
Thamnophilus_nigrocinereus,Resident,Resident
Thectocercus_acuticaudatus,Resident,Resident
Thinocorus_orbignyianus,Resident,Short Migratory
Thraupis_episcopus,Resident,Resident
Threskiornis_aethiopicus,Resident,Resident
Thryothorus_ludovicianus,Resident,Resident
Tichodroma_muraria,Short Migratory,Short Migratory
Tinamus_guttatus,Resident,Resident
Tinamus_major,Resident,Resident
Todiramphus_sanctus,Long Migratory,Long Migratory
Todus_angustirostris,Resident,Resident
Todus_mexicanus,Resident,Resident
Toxostoma_redivivum,Resident,Resident
Tragopan_caboti,Resident,Resident
Tragopan_temminckii,Resident,Resident
Tregellasia_capito,Resident,Resident
Tregellasia_leucops,Resident,Resident
Trichoglossus_rubritorquis,Resident,Resident
Tricholaema_leucomelas,Resident,Resident
Tringa_erythropus,Long Migratory,Long Migratory
Tringa_glareola,Long Migratory,Long Migratory
Tringa_guttifer,Long Migratory,Long Migratory
Tringa_nebularia,Long Migratory,Long Migratory
Tringa_ochropus,Long Migratory,Long Migratory
Tringa_semipalmata,Long Migratory,Long Migratory
Tringa_totanus,Long Migratory,Long Migratory
Trochalopteron_affine,Resident,Resident
Trochalopteron_elliotii,Resident,Resident
Trochalopteron_formosum,Resident,Resident
Trochalopteron_milnei,Resident,Resident
Trogon_melanurus,Resident,Resident
Trogon_personatus,Resident,Resident
Trogon_viridis,Resident,Resident
Trugon_terrestris,Resident,Resident
Turdus_abyssinicus,Resident,Resident
Turdus_eunomus,Long Migratory,Long Migratory
Turdus_hortulorum,Long Migratory,Long Migratory
Turdus_kessleri,Long Migratory,Long Migratory
Turdus_merula,Resident,Short Migratory
Turdus_migratorius,Long Migratory,Long Migratory
Turdus_philomelos,Long Migratory,Long Migratory
Turdus_rufiventris,Short Migratory,Resident
Turnagra_capensis,Resident,Resident
Turtur_tympanistria,Resident,Resident
Tyrannus_savana,Long Migratory,Long Migratory
Tyto_alba,Resident,Short Migratory
Tyto_longimembris,Resident,Resident
Upupa_epops,Long Migratory,Long Migratory
Uria_aalge,Long Migratory,Long Migratory
Urocissa_caerulea,Resident,Resident
Urocissa_erythroryncha,Resident,Resident
Urocolius_indicus,Resident,Resident
Urodynamis_taitensis,Long Migratory,Long Migratory
Vanellus_cinereus,Long Migratory,Long Migratory
Vanellus_vanellus,Short Migratory,Long Migratory
Vidua_chalybeata,Resident,Resident
Vidua_macroura,Resident,Resident
Vireo_altiloquus,Resident,Long Migratory
Vireo_olivaceus,Long Migratory,Long Migratory
Xanthopsar_flavus,Resident,Resident
Xenicus_gilviventris,Resident,Resident
Xenus_cinereus,Long Migratory,Long Migratory
Xiphorhynchus_elegans,Resident,Resident
Yuhina_nigrimenta,Resident,Resident
Yungipicus_canicapillus,Resident,Resident
Zanda_baudinii,Resident,Resident
Zapornia_atra,Resident,Resident
Zapornia_fusca,Short Migratory,Short Migratory
Zapornia_paykullii,Long Migratory,Long Migratory
Zapornia_pusilla,Long Migratory,Long Migratory
Zenaida_auriculata,Resident,Resident
Zenaida_macroura,Resident,Short Migratory
Zonotrichia_albicollis,Long Migratory,Long Migratory
Zonotrichia_leucophrys,Long Migratory,Long Migratory
Zoothera_aurea,Long Migratory,Long Migratory
Zosterops_abyssinicus,Resident,Resident
Zosterops_borbonicus,Resident,Resident
Zosterops_erythropleurus,Long Migratory,Long Migratory
Zosterops_hypoxanthus,Resident,Resident
Zosterops_japonicus,Resident,Resident
Zosterops_lateralis,Resident,Resident
Zosterops_pallidus,Resident,Resident
Zosterops_senegalensis,Resident,Resident